cell_type,comparison,n_cells_test,n_cells_reference,gene,score,logfoldchange,pval,pval_adj
Cones,3dp_vs_ctrl,677,652,rbp4l,12.0973835,1.1700189,1.090306416389285e-33,1.2436580138544379e-29
Cones,3dp_vs_ctrl,677,652,gpx4b,8.6752405,1.3270094,4.126786212741625e-18,1.882887477425494e-14
Cones,3dp_vs_ctrl,677,652,arg2,8.458569,1.557736,2.7068017657477268e-17,1.0007523378027361e-13
Cones,3dp_vs_ctrl,677,652,guca1c,7.8822536,0.71119124,3.215279531109739e-15,7.335017194320647e-12
Cones,3dp_vs_ctrl,677,652,ckbb,7.8642397,0.7037397,3.713462851881951e-15,7.701384367271178e-12
Cones,3dp_vs_ctrl,677,652,atp2a3,7.444192,1.7881178,9.753954631084871e-14,1.7710441381769714e-10
Cones,3dp_vs_ctrl,677,652,rpsa,7.439688,0.9019308,1.0092304298558115e-13,1.7710441381769714e-10
Cones,3dp_vs_ctrl,677,652,nme2b.1,7.4073057,1.3964416,1.2889121733096163e-13,1.9602635606474853e-10
Cones,3dp_vs_ctrl,677,652,apoc1,7.367417,2.5636625,1.7396592259477538e-13,2.4804278700966317e-10
Cones,3dp_vs_ctrl,677,652,hmga1b,7.2899265,1.354546,3.1012357215528047e-13,4.161675912693184e-10
Cones,3dp_vs_ctrl,677,652,si:ch1073-469d17.2,7.1784096,0.73989236,7.052694384016372e-13,8.938506499031417e-10
Cones,3dp_vs_ctrl,677,652,rpl27,7.161539,1.0089175,7.97762063675347e-13,9.578603136118785e-10
Cones,3dp_vs_ctrl,677,652,cnga3b,7.1095695,1.657468,1.1640557776711207e-12,1.3277802228005638e-09
Cones,3dp_vs_ctrl,677,652,ncaldb,7.0873375,0.7159954,1.3671673645172583e-12,1.4622870019702648e-09
Cones,3dp_vs_ctrl,677,652,per1b,7.0830483,1.0886186,1.4101746391682735e-12,1.4622870019702648e-09
Cones,3dp_vs_ctrl,677,652,rcvrn3,7.0677505,1.010089,1.5746535131079402e-12,1.4967737747721431e-09
Cones,3dp_vs_ctrl,677,652,tent4b,7.057957,1.1628201,1.6896832832611392e-12,1.5418697896414547e-09
Cones,3dp_vs_ctrl,677,652,apoeb,6.940864,1.2295672,3.897087939865515e-12,3.419394891236615e-09
Cones,3dp_vs_ctrl,677,652,camkk1b,6.8331356,1.1770844,8.30782618892304e-12,7.0194977351074565e-09
Cones,3dp_vs_ctrl,677,652,tpd52l1,6.7620792,1.230922,1.360251289883571e-11,1.1082647384326394e-08
Cones,3dp_vs_ctrl,677,652,dedd1,6.63312,1.3094922,3.286645571503827e-11,2.4186530781521552e-08
Cones,3dp_vs_ctrl,677,652,dynll1,6.6196094,1.2995214,3.6014969542421133e-11,2.5675296880351665e-08
Cones,3dp_vs_ctrl,677,652,zgc:162144,6.565066,1.0510466,5.2009844560302475e-11,3.595456315012668e-08
Cones,3dp_vs_ctrl,677,652,nr1d2b,6.542548,1.1374727,6.04793878729714e-11,4.0579890457238134e-08
Cones,3dp_vs_ctrl,677,652,pfkfb3,6.5331836,1.0573839,6.438617860603089e-11,4.1966911215410937e-08
Cones,3dp_vs_ctrl,677,652,rpl8,6.5133104,0.88209254,7.351229009922549e-11,4.658432983426753e-08
Cones,3dp_vs_ctrl,677,652,rplp1,6.473779,0.7641566,9.558153542458291e-11,5.8932474801108376e-08
Cones,3dp_vs_ctrl,677,652,txn,6.423239,2.0636284,1.3340468206700403e-10,8.008844768406745e-08
Cones,3dp_vs_ctrl,677,652,rps7,6.3834934,0.79304916,1.7309317371836095e-10,1.0125063005222996e-07
Cones,3dp_vs_ctrl,677,652,si:ch211-132b12.7,6.331023,1.8846813,2.4354088139716524e-10,1.3889745318283826e-07
Cones,3dp_vs_ctrl,677,652,ppa1a,6.2911344,1.1966163,3.1515450978290895e-10,1.7535658126042689e-07
Cones,3dp_vs_ctrl,677,652,rpl3,6.2730484,0.828914,3.5404649731408133e-10,1.923062557910985e-07
Cones,3dp_vs_ctrl,677,652,mt-nd2,6.267401,0.594517,3.671234292356998e-10,1.9477178584079114e-07
Cones,3dp_vs_ctrl,677,652,rpl21,6.198132,0.81168777,5.713723356796149e-10,2.9624357031497856e-07
Cones,3dp_vs_ctrl,677,652,rps9,6.117711,0.833041,9.49290254124765e-10,4.812479681632947e-07
Cones,3dp_vs_ctrl,677,652,rps14,6.085471,0.81612754,1.1614925279392466e-09,5.637687029761284e-07
Cones,3dp_vs_ctrl,677,652,higd1a,6.081325,1.1524752,1.1919342382964748e-09,5.664915787136974e-07
Cones,3dp_vs_ctrl,677,652,ankrd33ab,5.995614,1.4950817,2.027178708630631e-09,9.351478678696235e-07
Cones,3dp_vs_ctrl,677,652,rpl12,5.9783864,0.7892818,2.253590019972822e-09,1.001333388065376e-06
Cones,3dp_vs_ctrl,677,652,rps8a,5.976313,0.7626287,2.2824414228466026e-09,1.001333388065376e-06
Cones,3dp_vs_ctrl,677,652,rps19,5.965662,0.7988207,2.4364449452934935e-09,1.048728651641141e-06
Cones,3dp_vs_ctrl,677,652,rpl17,5.91648,0.8246327,3.2890462869381448e-09,1.3398752311414267e-06
Cones,3dp_vs_ctrl,677,652,eef1a1l1,5.8634377,0.8967958,4.533806646754102e-09,1.7832712246965744e-06
Cones,3dp_vs_ctrl,677,652,crema,5.823835,1.0604234,5.751236794062385e-09,2.192338033252423e-06
Cones,3dp_vs_ctrl,677,652,faua,5.823406,0.8114814,5.7660229691467745e-09,2.192338033252423e-06
Cones,3dp_vs_ctrl,677,652,ppm1e,5.8130407,1.3424038,6.134813950720307e-09,2.294319846848891e-06
Cones,3dp_vs_ctrl,677,652,rps5,5.799816,0.74602383,6.6387756395011395e-09,2.4427482042570888e-06
Cones,3dp_vs_ctrl,677,652,rps13,5.760499,0.87258846,8.386562276928118e-09,3.036867384500971e-06
Cones,3dp_vs_ctrl,677,652,mtmr10,5.74899,1.2257559,8.977819226525966e-09,3.2001717189802636e-06
Cones,3dp_vs_ctrl,677,652,rpl14,5.738053,0.86779106,9.577135848226693e-09,3.361280001624547e-06
Cones,7dp_vs_ctrl,476,652,hsp70l,9.875073,2.2632017,5.339379209465779e-23,4.06024193018476e-19
Cones,7dp_vs_ctrl,476,652,rbp4l,9.753025,1.0452051,1.7905113567728696e-22,1.0211733895514869e-18
Cones,7dp_vs_ctrl,476,652,ckbb,8.912661,0.8769045,4.9822348702948675e-19,1.4207465512004602e-15
Cones,7dp_vs_ctrl,476,652,hsp90ab1,8.749344,1.2421811,2.145972495737134e-18,4.8956070545251235e-15
Cones,7dp_vs_ctrl,476,652,arr3a,8.327773,1.1816704,8.237710279180321e-17,1.3423348899924332e-13
Cones,7dp_vs_ctrl,476,652,hsp70.3,7.926467,1.9524806,2.2546832293172784e-15,3.429072567361005e-12
Cones,7dp_vs_ctrl,476,652,hsp90aa1.2,7.757876,1.0368866,8.636355120637524e-15,1.231382308544399e-11
Cones,7dp_vs_ctrl,476,652,slc25a5,7.564764,0.6090558,3.8856894132809e-14,4.665485925535641e-11
Cones,7dp_vs_ctrl,476,652,fabp7a,7.514057,1.5407195,5.732248761177272e-14,6.538489549436855e-11
Cones,7dp_vs_ctrl,476,652,rpsa,7.1468024,0.9382297,8.882254488146761e-13,9.210494165367821e-10
Cones,7dp_vs_ctrl,476,652,hsp70.2,7.089896,1.7928948,1.342128011367283e-12,1.275748596805076e-09
Cones,7dp_vs_ctrl,476,652,rpl8,7.0225334,1.0410914,2.17880600722797e-12,1.988204057715667e-09
Cones,7dp_vs_ctrl,476,652,rpl31,6.9665523,1.0637628,3.2480184736398583e-12,2.8498863630440804e-09
Cones,7dp_vs_ctrl,476,652,rps6,6.735503,1.1159861,1.6336378847714517e-11,1.2021993892029397e-08
Cones,7dp_vs_ctrl,476,652,rpl19,6.5690403,0.89656293,5.064065685628398e-11,3.30075801389259e-08
Cones,7dp_vs_ctrl,476,652,rps8a,6.477157,0.899655,9.346694453839695e-11,5.611214225669604e-08
Cones,7dp_vs_ctrl,476,652,rpl10,6.4383864,0.9108553,1.207501549607145e-10,7.063264833637897e-08
Cones,7dp_vs_ctrl,476,652,hsp70.1,6.3524256,1.6500965,2.1194617181360518e-10,1.2087820043959437e-07
Cones,7dp_vs_ctrl,476,652,es1,6.332161,0.9255457,2.417507334527828e-10,1.3451364590873985e-07
Cones,7dp_vs_ctrl,476,652,rpl36a,6.311527,0.87384504,2.7629591481781023e-10,1.4593302191658042e-07
Cones,7dp_vs_ctrl,476,652,hmgn2,6.303199,1.2056198,2.915640669289024e-10,1.465964662228255e-07
Cones,7dp_vs_ctrl,476,652,rplp1,6.3010707,0.7632827,2.955962585477567e-10,1.465964662228255e-07
Cones,7dp_vs_ctrl,476,652,rplp2l,6.2889495,1.0789883,3.1962183264079795e-10,1.5513899719222392e-07
Cones,7dp_vs_ctrl,476,652,rps2,6.199287,0.81636274,5.671954287269512e-10,2.587885863109587e-07
Cones,7dp_vs_ctrl,476,652,eef1a1l1,6.1100874,1.0790738,9.957669677601904e-10,4.3685445837525436e-07
Cones,7dp_vs_ctrl,476,652,si:ch73-1a9.3,6.0994463,0.5838965,1.064365823234568e-09,4.581391985934e-07
Cones,7dp_vs_ctrl,476,652,ckmt2a,6.0818653,0.8535016,1.1879232445415906e-09,5.018535736616167e-07
Cones,7dp_vs_ctrl,476,652,rpl13,6.034397,0.8514505,1.5955733473817183e-09,6.618148140694389e-07
Cones,7dp_vs_ctrl,476,652,zgc:162144,6.030511,1.0561631,1.6344231461326364e-09,6.658231291557827e-07
Cones,7dp_vs_ctrl,476,652,si:dkey-151g10.6,5.979989,0.6042446,2.231528135387569e-09,8.852314403385558e-07
Cones,7dp_vs_ctrl,476,652,rpl21,5.978601,0.8523958,2.250621292229704e-09,8.852314403385558e-07
Cones,7dp_vs_ctrl,476,652,rpl3,5.9725866,0.8551754,2.3352133594437338e-09,9.02935972355761e-07
Cones,7dp_vs_ctrl,476,652,rps7,5.9424214,0.8254119,2.8084232938896325e-09,1.0503042721885931e-06
Cones,7dp_vs_ctrl,476,652,rps14,5.911701,0.87602323,3.385924078705785e-09,1.2458562259276626e-06
Cones,7dp_vs_ctrl,476,652,tuba1a,5.8771873,1.4489439,4.172962842167992e-09,1.4874656455996624e-06
Cones,7dp_vs_ctrl,476,652,rpl36,5.871173,0.9464925,4.3272327633185444e-09,1.4957145610543326e-06
Cones,7dp_vs_ctrl,476,652,faua,5.864048,0.8979959,4.517173499195049e-09,1.5380638662259201e-06
Cones,7dp_vs_ctrl,476,652,rpl6,5.8280535,0.97169554,5.607766563404562e-09,1.8813232148668862e-06
Cones,7dp_vs_ctrl,476,652,rpl12,5.7708693,0.8473257,7.886364120726467e-09,2.4594345677437905e-06
Cones,7dp_vs_ctrl,476,652,marcksl1b,5.7329316,1.2922919,9.870942693966642e-09,2.9629712589139604e-06
Cones,7dp_vs_ctrl,476,652,rpl14,5.7175717,0.9890006,1.0805719942963595e-08,3.201440117647123e-06
Cones,7dp_vs_ctrl,476,652,h3f3b.1-1,5.6968446,1.2973315,1.2204506040526467e-08,3.5695050808016706e-06
Cones,7dp_vs_ctrl,476,652,rcvrn3,5.642159,0.87293833,1.6793099555693565e-08,4.753007227402873e-06
Cones,7dp_vs_ctrl,476,652,rpl15,5.6406784,0.93976223,1.693814544935379e-08,4.753007227402873e-06
Cones,7dp_vs_ctrl,476,652,rpl7a,5.639198,0.8325282,1.7084407690660395e-08,4.753007227402873e-06
Cones,7dp_vs_ctrl,476,652,ptmab,5.5945053,0.4754435,2.2125140745002422e-08,5.8171084136846945e-06
Cones,7dp_vs_ctrl,476,652,rps9,5.594043,0.83605325,2.2184212159320055e-08,5.8171084136846945e-06
Cones,7dp_vs_ctrl,476,652,tmsb4x,5.552404,0.7602643,2.8176743437152145e-08,7.304500545815362e-06
Cones,7dp_vs_ctrl,476,652,rps15a,5.540838,0.8526148,3.010281775872261e-08,7.716130129547627e-06
Cones,7dp_vs_ctrl,476,652,rps5,5.4956827,0.74312687,3.8920191835034274e-08,9.865403737029297e-06
Cones,10dp_vs_ctrl,809,652,ckbb,12.577602,1.0888976,2.8041019253493655e-36,2.1323325740998357e-32
Cones,10dp_vs_ctrl,809,652,macf1a,11.539048,1.774653,8.384750534859266e-31,3.825626279034889e-27
Cones,10dp_vs_ctrl,809,652,rcvrn3,11.043005,1.4754438,2.369731073789623e-28,7.722953569480381e-25
Cones,10dp_vs_ctrl,809,652,arg2,10.863624,1.8555683,1.7179449742695298e-27,4.898934837251348e-24
Cones,10dp_vs_ctrl,809,652,rpl31,10.573032,1.3578231,3.974304288756385e-26,1.0073978193266601e-22
Cones,10dp_vs_ctrl,809,652,arr3a,10.545589,1.2937063,5.323813549843913e-26,1.214521585125892e-22
Cones,10dp_vs_ctrl,809,652,ckmt2a,10.488145,1.3055148,9.793253062124851e-26,2.031031655511402e-22
Cones,10dp_vs_ctrl,809,652,si:dkey-151g10.6,10.471492,1.0005102,1.1678838787873e-25,2.220244577231223e-22
Cones,10dp_vs_ctrl,809,652,rbp4l,10.215829,1.0008712,1.684332112627146e-24,2.9557437296433144e-21
Cones,10dp_vs_ctrl,809,652,fabp7a,9.879831,1.5937892,5.091839500633501e-23,7.744008968530137e-20
Cones,10dp_vs_ctrl,809,652,plekha6,9.73226,1.7178311,2.1965812153120037e-22,3.131912954057046e-19
Cones,10dp_vs_ctrl,809,652,slc25a5,9.6552305,0.6969707,4.671078180858007e-22,6.268312149406689e-19
Cones,10dp_vs_ctrl,809,652,si:ch211-132b12.7,9.456451,2.5165715,3.1857166720397707e-21,3.825039707328594e-18
Cones,10dp_vs_ctrl,809,652,rpgra,9.218502,2.3399155,3.0127820724972994e-20,3.436529870994045e-17
Cones,10dp_vs_ctrl,809,652,myo3a,9.146463,1.4744124,5.88281326507925e-20,5.834983435489257e-17
Cones,10dp_vs_ctrl,809,652,rpl32,9.084528,1.1090344,1.0414988007419353e-19,9.899880058885738e-17
Cones,10dp_vs_ctrl,809,652,hsp70l,8.93022,1.6318543,4.2516380883455396e-19,3.879704788377071e-16
Cones,10dp_vs_ctrl,809,652,dynll1,8.91893,1.7566828,4.708134144660562e-19,4.1310255477746695e-16
Cones,10dp_vs_ctrl,809,652,pde6c,8.903836,0.7529175,5.394897850791801e-19,4.55828906185605e-16
Cones,10dp_vs_ctrl,809,652,grk7a,8.722147,1.1787957,2.7297554419421093e-18,2.2240682463223334e-15
Cones,10dp_vs_ctrl,809,652,foxo1a,8.717407,2.1199832,2.846460362527294e-18,2.237760972051562e-15
Cones,10dp_vs_ctrl,809,652,cnga3b,8.711107,1.8722185,3.00920896660044e-18,2.237760972051562e-15
Cones,10dp_vs_ctrl,809,652,sh3gl2a,8.709922,1.4034599,3.040835932740035e-18,2.237760972051562e-15
Cones,10dp_vs_ctrl,809,652,camkk1b,8.669755,1.4742254,4.330525211090432e-18,3.0872584887689383e-15
Cones,10dp_vs_ctrl,809,652,per1a,8.654972,2.1803954,4.930304925134389e-18,3.408334735063358e-15
Cones,10dp_vs_ctrl,809,652,rnf34b,8.434987,2.825258,3.312400147469833e-17,2.2225230754185086e-14
Cones,10dp_vs_ctrl,809,652,rps19,8.410038,1.0443735,4.0987753274970956e-17,2.5973711540608678e-14
Cones,10dp_vs_ctrl,809,652,dclk2a,8.400496,1.309223,4.445996852999477e-17,2.741257465066948e-14
Cones,10dp_vs_ctrl,809,652,cngb3.1,8.35041,1.5864319,6.802607526714674e-17,3.979176551460048e-14
Cones,10dp_vs_ctrl,809,652,ppa1a,8.30201,1.3593459,1.0236458891812295e-16,5.838108417472847e-14
Cones,10dp_vs_ctrl,809,652,rps18,8.248058,1.1875411,1.60988807409609e-16,8.957652837647342e-14
Cones,10dp_vs_ctrl,809,652,hmga1b,8.227912,1.4085255,1.9050463498082197e-16,1.0347576756708313e-13
Cones,10dp_vs_ctrl,809,652,ciartb,8.206019,2.8703983,2.286419830212725e-16,1.2130254787591371e-13
Cones,10dp_vs_ctrl,809,652,rpl14,8.191424,1.1633382,2.581520274237807e-16,1.3384595912769793e-13
Cones,10dp_vs_ctrl,809,652,rpl36,8.147327,1.0679235,3.720543882388374e-16,1.8861503908650217e-13
Cones,10dp_vs_ctrl,809,652,rps28,8.127556,1.1111639,4.380328872314541e-16,2.1448096478290935e-13
Cones,10dp_vs_ctrl,809,652,hsp90ab1,8.126495,1.0091474,4.4187986432283077e-16,2.1448096478290935e-13
Cones,10dp_vs_ctrl,809,652,pcloa,8.0998,1.1837097,5.504945852920649e-16,2.616340202972474e-13
Cones,10dp_vs_ctrl,809,652,rpl29,8.030255,1.024555,9.726973140805338e-16,4.438028765223843e-13
Cones,10dp_vs_ctrl,809,652,unc119b,8.019777,0.97805786,1.0593713102818543e-15,4.738713274796067e-13
Cones,10dp_vs_ctrl,809,652,rps29,8.014725,0.8975721,1.1038363320228591e-15,4.842657354314902e-13
Cones,10dp_vs_ctrl,809,652,mef2cb,8.008176,1.216498,1.1642217464287954e-15,5.01120579269436e-13
Cones,10dp_vs_ctrl,809,652,slc12a7b,7.9698796,1.2621782,1.588289005551264e-15,6.709932793266849e-13
Cones,10dp_vs_ctrl,809,652,adarb1a,7.964578,2.0084414,1.6578845592743511e-15,6.876603718313778e-13
Cones,10dp_vs_ctrl,809,652,mtmr10,7.956844,1.551115,1.7648302703745485e-15,7.189477313938317e-13
Cones,10dp_vs_ctrl,809,652,dedd1,7.9525404,1.3908708,1.8272533697700976e-15,7.313180899046533e-13
Cones,10dp_vs_ctrl,809,652,per1b,7.93439,1.132141,2.1153224004262758e-15,8.320146538090453e-13
Cones,10dp_vs_ctrl,809,652,rpl23a,7.9032664,1.1157938,2.7168779247600838e-15,1.050510781314437e-12
Cones,10dp_vs_ctrl,809,652,rpl37-1,7.871644,1.0220294,3.5001101638746114e-15,1.3308002194745253e-12
Cones,10dp_vs_ctrl,809,652,ankrd33ab,7.867278,1.7967452,3.624407939950373e-15,1.3554691530178338e-12
