cluster,gene,score,logfoldchange,pval,pval_adj
0,aanat1,38.76642,3.2769446,0.0,0.0
0,si:ch211-113d22.2,38.757744,2.5020044,0.0,0.0
0,syne1a,35.422245,2.859728,7.762350600331335e-275,3.8811753001656675e-272
0,sec14l8,33.470142,3.6935759,1.3110842074975618e-245,5.244336829990248e-243
0,ajap1,31.638958,3.5426755,1.0758435763529232e-219,3.5861452545097436e-217
0,pde6gb,28.962954,2.3192387,1.9276946762369106e-184,5.507699074962601e-182
0,slc22a23,28.899923,3.2814205,1.1965654843587767e-183,2.9914137108969415e-181
0,rp1l1b,27.647137,2.3371522,3.0210086910714448e-168,6.713352646825434e-166
0,tdh2,26.702713,2.7869277,4.3775148973387064e-157,8.755029794677413e-155
0,plch2b,25.788404,3.3657627,1.1963841486502827e-146,2.1752439066368778e-144
0,rho,23.787924,2.0723867,4.453853937408929e-125,7.423089895681548e-123
0,rbp4l,22.328775,1.2866677,1.941756679430371e-110,2.5890089059071615e-108
0,si:rp71-62i8.1,21.974989,2.7772055,4.9966842382421315e-107,6.245855297802664e-105
0,dgkzb,17.314405,2.4997694,3.6628173936352965e-67,3.1850586031611275e-65
0,zgc:158463,16.984413,0.4404369,1.0711993188207045e-64,8.926660990172537e-63
0,sptbn5,16.89838,2.4078376,4.6244069363946754e-64,3.6995255491157403e-62
0,ddc,15.859934,2.7041204,1.2002054775477903e-56,8.001369850318602e-55
0,si:ch73-212j7.3,15.550201,2.5265036,1.5860683120402118e-54,1.0232698787356205e-52
0,ppdpfa,13.233142,0.9312919,5.64764638488593e-40,1.9816303104862911e-38
0,auts2b,11.986151,2.060178,4.199693453778735e-33,1.1999124153653527e-31
0,guca1a,11.95695,1.0317773,5.971535471176128e-33,1.6821226679369377e-31
0,soga1,11.671656,2.109223,1.7792728078147201e-31,4.6214878125057665e-30
0,itpr1b,10.937301,1.9763962,7.6442076101796375e-28,1.7177994629617163e-26
0,wnk2,9.012188,2.9271595,2.0198544039830486e-19,2.8650417077773743e-18
0,LRFN2,8.968565,2.2398534,3.00401585933048e-19,4.201420782280392e-18
0,hsp90aa1.2,8.126212,0.53385514,4.4291399532608833e-16,4.976561745236948e-15
0,ppp1r9alb,7.8517475,2.7723114,4.102794990021379e-15,4.3415820000226234e-14
0,CASKIN2,7.7545094,2.4756975,8.868560798493047e-15,8.913126430646278e-14
0,enc1,6.9400463,1.6918548,3.919714068303113e-12,3.2128803838550104e-11
0,arhgap29a,6.6412,2.6679819,3.111392649181886e-11,2.3219348128223027e-10
0,si:dkeyp-41f9.3,6.5708513,2.2482338,5.002842020891997e-11,3.638430560648725e-10
0,esrrb,5.5311127,2.8421843,3.1820567781736436e-08,1.8340384888608897e-07
0,FO681288.3,5.393803,2.7847118,6.898186608614196e-08,3.8645303129491295e-07
0,FO082779.1,5.0798154,2.537237,3.7780166688519667e-07,1.9324893446813127e-06
0,adgrv1,5.0430408,2.2127328,4.5819165714505463e-07,2.308270313073323e-06
0,FAT4,5.00279,1.5562061,5.650655183018356e-07,2.8257592036574653e-06
0,pcloa,4.9504695,0.66461796,7.403459218201058e-07,3.6470242454192404e-06
0,gch1,4.8926153,2.1676764,9.950471494161526e-07,4.84207858596668e-06
0,trpm1b,4.7840576,1.2798567,1.7179153642003472e-06,8.084307596236928e-06
0,ttll3,4.51403,3.2965488,6.36072147877457e-06,2.783399617425402e-05
0,rhpn2,3.8866117,1.8971144,0.00010165317982364965,0.0003535762776474771
0,sacs,3.761989,1.2326534,0.0001685673594808135,0.0005656622801369581
0,dll4,3.7406902,2.0530682,0.00018351560264512652,0.0006096863875253372
0,odf3b,3.720906,3.5151575,0.00019850937909313558,0.0006551464656539128
0,kita,3.6179543,2.6452718,0.0002969407597505974,0.0009486925231648478
0,paqr4b,3.5104187,2.56072,0.00044740171598330427,0.0013808694937756305
0,cep126,3.2985451,2.59396,0.0009718725985145885,0.002821110590753523
0,cgnb,3.270192,2.3650737,0.0010747450176707561,0.0031061994730368675
0,klf1,3.1981063,2.76914,0.001383332412950764,0.0039022070887186574
0,cacna1db-3,3.013411,2.8474326,0.0025832866073225674,0.006870443104581296
1,serpinh1b,6.464413,2.7479398,1.0169252760030869e-10,4.8942219370317e-08
1,CR388166.2,6.4499435,1.9766278,1.1189182517575677e-10,4.8942219370317e-08
1,zmp:0000001048,6.4281545,2.1114614,1.2916256877244977e-10,4.8942219370317e-08
1,TMC1,6.4112635,3.238982,1.4431852874318298e-10,4.8942219370317e-08
1,foxred1,6.3837314,1.8980517,1.728241461673212e-10,4.8942219370317e-08
1,LO017648.1,6.378664,1.8626742,1.786393418843243e-10,4.8942219370317e-08
1,dpcd,6.367291,2.5074873,1.923960218585135e-10,4.8942219370317e-08
1,immp2l,6.3612103,2.3611808,2.0017024825462884e-10,4.8942219370317e-08
1,BX927362.2,6.3005157,1.4985932,2.9665687962971735e-10,4.8942219370317e-08
1,gpx1b,6.290156,2.890607,3.1714706913112154e-10,4.8942219370317e-08
1,si:ch211-161c3.6,6.2854266,1.9146062,3.269546696696827e-10,4.8942219370317e-08
1,lmo3,6.278614,2.0701835,3.416046695726149e-10,4.8942219370317e-08
1,ndufaf4,6.2781634,2.3387344,3.42595535592219e-10,4.8942219370317e-08
1,ptrhd1,6.236612,1.9532723,4.471492338594736e-10,5.4291222375871834e-08
1,frmpd2,6.216681,1.2747737,5.077813087991903e-10,5.4291222375871834e-08
1,fsta,6.21578,1.607074,5.107033859234402e-10,5.4291222375871834e-08
1,acyp1,6.2135277,3.0402358,5.180805599248425e-10,5.4291222375871834e-08
1,gadd45bb,6.1948915,0.2927529,5.832516867800904e-10,5.4291222375871834e-08
1,rpgra,6.171357,3.3772042,6.770636360210211e-10,5.4291222375871834e-08
1,agfg1b,6.170569,1.7700711,6.804478837826403e-10,5.4291222375871834e-08
1,si:ch211-160o17.6,6.1684294,3.2665608,6.897171019625767e-10,5.4291222375871834e-08
1,si:dkey-94f20.4,6.167641,1.5910012,6.931630339384604e-10,5.4291222375871834e-08
1,stambpb,6.1623487,1.2097734,7.167388743046982e-10,5.4291222375871834e-08
1,arhgef18b,6.1591954,1.2948066,7.311539646553921e-10,5.4291222375871834e-08
1,ntn4,6.1557612,1.4973962,7.471779554942977e-10,5.4291222375871834e-08
1,tmem97,6.1506376,2.0977836,7.717211264926779e-10,5.4291222375871834e-08
1,LO018154.1,6.136843,1.2326331,8.417733483977753e-10,5.4291222375871834e-08
1,cep126,6.134366,1.1749052,8.549948101602383e-10,5.4291222375871834e-08
1,prr13,6.1269903,1.4500297,8.95569220051685e-10,5.4291222375871834e-08
1,unk,6.1245694,0.7697975,9.092923751895543e-10,5.4291222375871834e-08
1,ccm2l,6.120966,2.4950683,9.300980527132895e-10,5.4291222375871834e-08
1,tlcd5a,6.119727,0.12093033,9.373566623397815e-10,5.4291222375871834e-08
1,paqr4b,6.1181507,2.1493895,9.466748265315496e-10,5.4291222375871834e-08
1,spata6l,6.116518,1.2587225,9.564209984273247e-10,5.4291222375871834e-08
1,FADS6,6.1130834,0.15878189,9.77242002765693e-10,5.4291222375871834e-08
1,bag3,6.104863,1.7936424,1.028887112593266e-09,5.4442992357355144e-08
1,selenoj,6.099909,1.3623899,1.0612910935911499e-09,5.4442992357355144e-08
1,gpatch4,6.096812,1.7635508,1.0820466304035617e-09,5.4442992357355144e-08
1,rcbtb1,6.0945034,1.5745203,1.0977758938412253e-09,5.4442992357355144e-08
1,palm2akap2-1,6.0918574,1.6281826,1.1160813433257805e-09,5.4442992357355144e-08
1,angptl4,6.0858893,1.9541787,1.1584652348469114e-09,5.516501118318625e-08
1,acy1,6.0759234,1.347598,1.232760838730542e-09,5.546162594424275e-08
1,epyc,6.0650854,2.0410404,1.3188362691047099e-09,5.546162594424275e-08
1,tph1a,6.0645504,2.7137089,1.3232325059430352e-09,5.546162594424275e-08
1,psda,6.0641,1.5256083,1.3269456769910871e-09,5.546162594424275e-08
1,sox6,6.0578504,2.1639163,1.3795260417242808e-09,5.546162594424275e-08
1,hyal4,6.0536275,1.7346944,1.4161972371853247e-09,5.546162594424275e-08
1,c2cd3,6.043831,0.9533881,1.5049716937954176e-09,5.546162594424275e-08
1,wdr47b,6.041635,2.2665365,1.525601189433678e-09,5.546162594424275e-08
1,bloc1s1,6.0397773,1.7624333,1.5432719573564164e-09,5.546162594424275e-08
2,rho,69.396935,4.3006067,0.0,0.0
2,pde6gb,69.13973,3.971881,0.0,0.0
2,ppdpfa,67.34004,4.270734,0.0,0.0
2,si:ch211-113d22.2,52.132984,3.0494752,0.0,0.0
2,guca1a,48.2516,3.462979,0.0,0.0
2,mt-co2,35.633453,0.84908676,4.251325225905849e-278,1.4171084086352831e-275
2,rbp4l,22.72533,1.2965045,2.5173204551924082e-114,3.5961720788462975e-112
2,zgc:158463,22.237587,0.4903232,1.4874273357588193e-109,1.859284169698524e-107
2,rbp3,19.770096,1.259121,5.3873838222593655e-87,4.8976216565994237e-85
2,aplp2,9.463223,0.44329536,2.9859471942861026e-21,2.941819895848377e-20
2,pde6ha,4.6908946,0.13718241,2.7201327685036863e-06,9.577932283463685e-06
2,insb,3.8417687,2.08227,0.00012215089884673637,0.0003401092057538345
2,fthl28,2.6510398,1.8176373,0.008024434784737073,0.016371220163255304
2,s100z,2.2151394,1.4763335,0.026750493244810936,0.048593084913371366
2,cox8b,0.9266394,0.95050997,0.3541138158979231,0.46502142599858587
2,sp6,0.79564136,1.6325343,0.4262405122857992,0.5416016674533661
2,LO017877.2,0.24672467,0.5227233,0.8051213160890093,0.8779948921363242
2,zgc:154164,0.2312445,1.3080723,0.8171248568790641,0.8833782236530422
2,ifi45,0.19668064,0.6148014,0.8440774701793887,0.8971773218827623
2,si:ch211-160b11.4,0.1498008,1.6128985,0.8809217739370488,0.9186054325192262
2,si:ch211-59p23.1,0.12720956,1.5959852,0.8987745345194408,0.9260943168670178
2,si:dkey-57l19.1,0.11852838,0.81753194,0.9056490066167006,0.9293473644091335
2,si:ch1073-75f15.2,0.068981305,1.8538451,0.9450044998257373,0.9540681472243687
2,si:dkey-21e2.10,0.044385422,0.7953642,0.9645971803110475,0.9704196985020598
2,nkl.3,-0.017523216,-19.771305,0.9860192123873434,0.9860192123873434
2,epor,-0.02025769,-0.5344627,0.9838378059013777,0.9843299708868211
2,krt91,-0.022149498,-0.5557533,0.9823287024057371,0.9833120144201573
2,cbln13,-0.025419345,-0.1441156,0.9797204802821332,0.9811922686851609
2,cd8a,-0.026110768,-6.056879,0.9791689887752367,0.9811312512777923
2,zgc:172143,-0.026115568,-0.93225735,0.979165159007611,0.9811312512777923
2,klf17,-0.03192063,-0.41255948,0.9745353471969126,0.9774677504482574
2,cdh23,-0.03473673,-5.3613544,0.9722896708666005,0.975704637096438
2,f13a1a.1,-0.04015767,-0.53830504,0.9679674256469778,0.9718548450270862
2,hbbe2,-0.0408875,-20.029087,0.9673855803866376,0.9717584936078729
2,mpx,-0.0408875,-20.15131,0.9673855803866376,0.9717584936078729
2,si:dkey-21e2.12-1,-0.043612376,-1.3966396,0.9652133863993455,0.9705514192049728
2,ribc2,-0.04889407,-0.39000383,0.9610037157350372,0.9672911079366252
2,zgc:92749,-0.055337735,-6.4114313,0.9558694011387093,0.9626076547217617
2,gabrr2b,-0.061104383,-0.3388728,0.9512760796677199,0.9584645638969469
2,CR388195.1,-0.061171602,-5.8959394,0.9512225447836372,0.9584645638969469
2,hamp,-0.06342112,-0.14701527,0.9494311665756654,0.9575705159613367
2,tbr1b,-0.06696226,-0.7573318,0.9466117488351824,0.9552086264734434
2,hbae5,-0.069720745,-0.9671826,0.944415931585956,0.9539554864504607
2,cxcl11.1,-0.070092864,-20.68242,0.9441197479872085,0.9539554864504607
2,nkl.1,-0.071898244,-0.91502786,0.9426828902201692,0.9531677353085634
2,b3gnt7,-0.07264248,-5.6166906,0.9420906225551982,0.9530507056704078
2,C7H4orf54,-0.07286815,-6.998483,0.9419110380263975,0.9530507056704078
2,si:dkey-79f11.10,-0.07286815,-7.365744,0.9419110380263975,0.9530507056704078
2,si:dkey-165o8.2,-0.07286815,-6.5118766,0.9419110380263975,0.9530507056704078
2,th,-0.07593393,-21.134394,0.939471659444227,0.9523280886408788
3,syt1a,50.834324,5.5261626,0.0,0.0
3,stx1b,42.654274,4.4894886,0.0,0.0
3,pclob,41.99939,4.192445,0.0,0.0
3,elavl3,41.34041,4.8599896,0.0,0.0
3,snap25a,38.201645,4.531115,0.0,0.0
3,grin1a,37.72972,4.8372364,0.0,0.0
3,sv2a,37.29787,4.721653,1.7769175665017054e-304,5.076907332862015e-302
3,pax6a,36.71152,4.5804744,4.782822005627151e-295,1.1957055014067878e-292
3,ndrg4,35.648254,3.2758102,2.5077196823866114e-278,5.572710405303582e-276
3,slc32a1,35.52247,5.381988,2.211882744610135e-276,4.42376548922027e-274
3,nrxn1a,34.880344,4.292971,1.476824294691806e-266,2.685135081257829e-264
3,pax6b,34.786198,3.9122663,3.9328920015751457e-265,6.554820002625243e-263
3,gad2,31.466072,3.8687668,2.5305152048231716e-217,3.893100315112572e-215
3,pcloa,30.315878,2.8144624,7.080894695414236e-202,7.867660772682486e-200
3,atp1a3a,30.274857,3.145504,2.4570168335844677e-201,2.586333509036282e-199
3,shisa7b,30.200083,4.75615,2.3626539630555463e-200,2.3626539630555463e-198
3,slc6a1b,29.908379,4.5116334,1.5312426293237808e-196,1.4583263136416958e-194
3,grin1b,29.834055,3.6724014,1.4135978073176905e-195,1.285088915743355e-193
3,gria3b,29.756622,5.4911213,1.423677622597078e-194,1.2379805413887636e-192
3,tfap2a,29.752811,4.109171,1.594810362488928e-194,1.32900863540744e-192
3,map1aa,28.936039,3.6769996,4.205547076153572e-184,3.3644376609228574e-182
3,nat16,28.443155,2.5537806,5.921943799286854e-178,4.555341384066811e-176
3,stmn1b,28.352564,2.5961018,7.7825127143815426e-177,5.558937653129673e-175
3,rbfox1,27.977644,4.31587,3.0401242269352875e-172,2.096637397886405e-170
3,map4l,27.700182,2.6192589,6.947008442386e-169,4.631338961590667e-167
3,si:dkey-205h13.1,26.583565,2.9259439,1.0515229301320486e-155,6.784018904077733e-154
3,mdkb,26.4714,2.864057,2.069610607880322e-154,1.293506629925201e-152
3,atp2b3b,26.049423,4.2048078,1.3657391890099764e-149,8.277207206121068e-148
3,ppfia4,25.838804,4.0978866,3.250872635207253e-147,1.9122780207101487e-145
3,pcbp3,25.720963,2.4980116,6.8131871709729945e-146,3.893249811984568e-144
3,gpm6ab,25.542366,2.804934,6.67482210484593e-144,3.708234502692184e-142
3,nrxn3a,25.397194,3.93802,2.7084230369712082e-142,1.4640124524168693e-140
3,nrxn2a,25.171,5.143375,8.324889136567945e-140,4.3815205981936557e-138
3,iqsec3a,23.911957,3.0261014,2.3001312223915113e-126,1.1500656111957555e-124
3,nfasca,23.805683,2.7650628,2.916502610215409e-125,1.4226842001050776e-123
3,maptb,23.038624,3.6775632,1.9127271246702676e-117,9.10822440319175e-116
3,glra1,23.02297,4.563601,2.7448070919654608e-117,1.2766544613792843e-115
3,cabp1b,22.87963,5.093952,7.412984282676343e-116,3.369538310307429e-114
3,pde4ba,22.748981,2.5183873,1.4686933161750509e-114,6.527525849666893e-113
3,basp1,22.734093,3.4871454,2.061895826644637e-114,8.964764463672335e-113
3,srrm4,22.016077,4.0336633,2.0201037021219584e-107,8.417098758841493e-106
3,tiam1a,21.883852,3.5134895,3.702115994611313e-106,1.5110677529025767e-104
3,gad1b,21.82416,2.7161534,1.368308456082998e-105,5.473233824331991e-104
3,slc38a3a,21.751066,2.325919,6.7492101586093876e-105,2.646749081807603e-103
3,marcksl1b,21.643965,1.8800285,6.928132829911692e-104,2.6646664730429587e-102
3,adgrb1a,21.56796,4.7681994,3.591879957940999e-103,1.3554263992230185e-101
3,meis2a,21.208279,4.5282397,8.00898368663343e-100,2.966290254308678e-98
3,tmem178b,21.101732,2.597328,7.667615731667848e-99,2.788223902424672e-97
3,slc12a5b,21.04976,2.2411773,2.298333866729904e-98,8.208335238321085e-97
3,nat8l,20.48882,3.8444483,2.708871577325558e-93,9.5048125520195e-92
4,mt-co2,42.149887,1.331144,0.0,0.0
4,rho,39.946587,3.580159,0.0,0.0
4,ppdpfa,38.207592,3.5066516,0.0,0.0
4,pde6gb,35.447758,3.0426495,3.140696130339607e-275,1.5703480651698037e-272
4,guca1a,26.338516,2.6588724,6.948540165464491e-153,2.779416066185796e-150
4,si:ch211-113d22.2,25.68144,2.249119,1.8843339171530583e-145,6.28111305717686e-143
4,zgc:158463,17.014805,0.5476185,6.378584675217134e-65,1.8224527643477526e-62
4,rbp4l,10.035778,0.8956766,1.0611927985639418e-23,5.176550236897277e-22
4,rbp3,7.1303844,0.6560788,1.000888509467068e-12,1.5280740602550656e-11
4,pde6ha,5.6388764,0.24663381,1.7116340016913453e-08,1.5996579455059303e-07
4,aplp2,4.558954,0.27880484,5.140912129720629e-06,3.2466331298398956e-05
4,fabp7a,2.9801607,0.30933577,0.0028809728768640075,0.01045725182164794
4,insb,2.2116575,1.7673596,0.026990336733180464,0.06920599162353964
4,fthl28,1.6361681,1.6229545,0.10180439607247495,0.20099584614506408
4,apoc1,1.4663725,0.14177372,0.14254684388507927,0.26203463949463096
4,s100z,0.8137205,1.1768093,0.4158050641524452,0.59270121388677
4,cox8b,0.52414805,0.9654598,0.6001755699927234,0.7606787959350105
4,nkl.1,0.117242776,1.0259404,0.9066676691283779,0.9551632335449654
4,si:ch211-266g18.10,0.047474533,-3.7674842,0.9621350279506447,0.9723446467414296
4,th,0.007245457,0.5684504,0.9942190124084125,0.9957125812803329
4,si:ch1073-70f20.1,-0.0001523173,0.8098789,0.9998784683809908,0.9998784683809908
4,LO017877.2,-0.0025720852,0.37874508,0.9979477751429505,0.9984469986422716
4,zgc:92749,-0.0037663914,1.7371569,0.9969948616051548,0.9979928544596144
4,scpp1,-0.0074254684,1.7864051,0.9940753879952359,0.9957125812803329
4,hist1h2a3,-0.008380913,0.5184292,0.9933130771277264,0.9957125812803329
4,nkl.3,-0.011029157,-19.631308,0.9912001843221445,0.9941827325197037
4,tbr1b,-0.011105316,0.7822653,0.9911394222337169,0.9941827325197037
4,hbbe2,-0.0257347,-19.889078,0.9794689466973139,0.983402556925014
4,mpx,-0.0257347,-20.011295,0.9794689466973139,0.983402556925014
4,slc6a4b,-0.029497629,0.19096899,0.9764677097184691,0.9813745826316272
4,CR293511.1,-0.02973649,-0.6190792,0.9762772096117567,0.9813745826316272
4,epor,-0.036763858,-20.50855,0.9706732927755909,0.9765324877018017
4,eya4,-0.03700618,1.1395297,0.9704800784969693,0.9765324877018017
4,zgc:172143,-0.040440243,-20.969435,0.9677421477540625,0.974564096429066
4,cd8a,-0.040440243,-20.201252,0.9677421477540625,0.974564096429066
4,krt91,-0.040807188,-0.3514527,0.9674496085224014,0.974564096429066
4,zgc:154164,-0.04335158,1.0723542,0.9654212751616096,0.9736977056597171
4,klf17,-0.044116627,-20.707857,0.9648114384844914,0.9735736008925241
4,si:dkey-21e2.10,-0.044116627,-21.063627,0.9648114384844914,0.9735736008925241
4,cxcl11.1,-0.044116627,-20.542372,0.9648114384844914,0.9735736008925241
4,nefmb,-0.047793012,-20.102243,0.9618812045068105,0.9723446467414296
4,cxcr3.1-1,-0.047793012,-20.886671,0.9618812045068105,0.9723446467414296
4,sfrp2,-0.047848403,0.09298097,0.9618370616928456,0.9723446467414296
4,h2af1al,-0.04800072,-6.0100803,0.9617156695580705,0.9723446467414296
4,si:dkey-21e2.12-1,-0.0514694,-21.364374,0.9589514853416938,0.9715820520179269
4,slc6a22.2,-0.0514694,-21.0503,0.9589514853416938,0.9715820520179269
4,plaat1,-0.051476322,1.3959271,0.958945968490341,0.9715820520179269
4,adrb3a,-0.055145785,-20.90179,0.9560223204889574,0.9700886052653043
4,si:ch211-152c8.2,-0.05535349,-5.2943635,0.9558568483002171,0.9700886052653043
4,tac3a,-0.058929484,-0.84308726,0.9530082731502745,0.9680124663791513
5,hbba1-1,24.198109,13.111063,2.3291298873247142e-129,4.658259774649428e-126
5,hbaa1,24.066673,13.220039,5.585428323077879e-128,5.585428323077879e-125
5,hbba1,23.832727,12.932493,1.5296945535504177e-125,1.0197963690336118e-122
5,si:ch211-5k11.8,23.70387,12.660983,3.2890322920450197e-124,1.6445161460225099e-121
5,creg1,20.174755,8.12492,1.6317295024430163e-90,6.526918009772066e-88
5,si:ch211-250g4.3,17.870417,10.701854,2.0048813045081518e-71,6.682937681693839e-69
5,si:ch211-103n10.5,13.17939,11.225712,1.153201906118465e-39,3.2948625889099e-37
5,mibp,12.848172,6.647461,8.806636628709954e-38,2.2016591571774886e-35
5,hbba2,12.449494,10.955557,1.4073456286566072e-35,3.1274347303480165e-33
5,gpx1a,11.520988,4.558042,1.0341765059087646e-30,2.0683530118175293e-28
5,nt5c2l1,11.223208,10.050772,3.136785284168757e-29,5.703245971215922e-27
5,hemgn,10.584233,7.020138,3.526543869894155e-26,5.877573116490259e-24
5,epb41b,9.877327,9.041741,5.2206997120286945e-23,8.031845710813377e-21
5,alas2,8.580247,10.018593,9.466990048605219e-18,1.3524271498007455e-15
5,gstm.1,8.303635,2.8547714,1.0097412085490254e-16,1.3463216113987006e-14
5,cahz,7.48467,2.3757887,7.17269833651031e-14,6.8311412728669616e-12
5,hbaa2,7.252762,10.514015,4.083575424091433e-13,3.550935151383855e-11
5,si:ch73-55i23.1,6.6484513,10.381355,2.96193026073231e-11,2.1156644719516503e-09
5,mcl1a,6.4878087,2.0922983,8.709388141936818e-11,5.806258761291212e-09
5,zgc:163057,6.2808642,9.980069,3.366958989153781e-10,1.98056411126693e-08
5,txnipa,6.135856,3.063042,8.47018584184693e-10,4.840106195341102e-08
5,TCIM,4.7456636,7.154194,2.0782377462198883e-06,7.557228168072321e-05
5,blvrb,4.508369,4.466944,6.532790903347912e-06,0.00021775969677826374
5,gp9,4.4589887,9.2265835,8.234735299267415e-06,0.0002614201682307116
5,zgc:158463,4.4399123,0.32646537,8.999555310255949e-06,0.0002812361034454984
5,dnase1l4.1,4.2110133,5.3105097,2.5422754070502575e-05,0.0006690198439605941
5,hif1al2,4.068274,7.993927,4.736267607091665e-05,0.001169448791874485
5,si:dkey-188i13.9,3.7924025,5.6396728,0.0001491968933189537,0.0031082686108115354
5,gp1bb,3.776436,6.8786483,0.0001590883290946106,0.0032184869306646087
5,si:ch211-207c6.2,3.7119074,8.622161,0.00020570325516942347,0.003881193493762707
5,slc4a1a,3.5888846,8.165774,0.0003320958872042006,0.005877803313348683
5,tspo,3.4124608,4.9590354,0.0006437920992706451,0.010208434457412322
5,lmo2,2.9974456,5.0937834,0.002722523844553052,0.03147426409887922
5,slc20a1a,2.8339167,3.2529705,0.00459813045186062,0.04716031232677559
5,si:ch211-227m13.1,2.7341063,5.6346955,0.006254983590050595,0.06014407298125572
5,sptb,2.624943,5.828679,0.00866634601199979,0.07703418677333147
5,tal1,2.6159682,7.0973315,0.008897481854701014,0.07804808644474573
5,wnk4b,2.3567421,2.949135,0.018436045809265736,0.13168604149475524
5,si:dkey-188i13.10,2.2541459,3.345161,0.02418699234467694,0.16287536932442384
5,sgk2a,2.2222288,6.023235,0.026267849276737126,0.17245337884356576
5,selenoj,2.212112,3.0958664,0.02695893354158122,0.17345849841214572
5,impdh2,2.2072117,3.250093,0.027299274522464837,0.17499534950297974
5,rhag,2.1676009,8.16312,0.030189071862742722,0.18986837649523725
5,cox6a2,2.090185,5.785201,0.036601198415504056,0.21786427628276223
5,rell2,2.038165,8.003479,0.04153341416261783,0.23665763055622693
5,tfr1a,1.9198496,4.732994,0.0548768933118092,0.29035393286671535
5,si:ch211-262i1.3,1.8924315,6.9614067,0.05843351307480936,0.30355071727173694
5,zgc:163080,1.8837346,2.6367195,0.05960089118832293,0.3069095033506173
5,rbm24a,1.8480439,5.0959134,0.06459599668632893,0.32297998343164463
5,si:ch211-197g15.10,1.8089037,8.889346,0.07046595939398595,0.342900045712827
6,fabp7a,40.348194,3.12435,0.0,0.0
6,hmgn2,36.05815,2.8979504,1.0276936521263355e-284,1.0276936521263355e-281
6,si:ch211-222l21.1,32.286354,3.30878,1.0873351446209385e-228,7.24890096413959e-226
6,mdka,26.047155,2.3074095,1.448973935052468e-149,7.24486967526234e-147
6,rlbp1a,25.466486,2.7466223,4.6367014971465e-143,1.8546805988586e-140
6,crabp1a,23.175432,2.7557456,8.057071732374411e-119,2.6856905774581366e-116
6,glula,23.076466,1.8682019,7.979877654602522e-118,2.279965044172149e-115
6,marcksl1b,22.649006,1.8216403,1.4269323198704746e-113,3.567330799676187e-111
6,cahz,22.223795,2.3793213,2.0223610322056907e-109,4.494135627123757e-107
6,apoeb,21.675985,1.937602,3.45757876650628e-104,6.91515753301256e-102
6,stmn1b,20.234375,1.7004303,4.877766412147782e-91,8.868666203905058e-89
6,icn,19.564531,1.9527049,3.102400830941503e-85,5.170668051569172e-83
6,gfap,18.86487,2.825088,2.2181636141266795e-79,3.4125594063487377e-77
6,tubb5,18.615656,2.2700698,2.3990145468069866e-77,3.427163638295695e-75
6,id1,18.565664,2.7115607,6.092830595421899e-77,8.1237741272291995e-75
6,actb1,18.506933,1.5119454,1.815464770182903e-76,2.2693309627286286e-74
6,selenop,18.426275,2.1706698,8.086243102711922e-76,9.513227179661085e-74
6,gstm.1,18.138145,2.1474452,1.5931782694070417e-73,1.7701980771189353e-71
6,mt2,17.774454,1.640333,1.1147636798973579e-70,1.1734354525235346e-68
6,tmsb4x,17.149546,1.0436008,6.334649904986015e-66,6.334649904986015e-64
6,txn,16.861504,2.8673244,8.636253693695656e-64,7.851139721541507e-62
6,tuba8l,16.505173,2.6914005,3.367693536518671e-61,2.806411280432226e-59
6,stmn1a,16.438385,3.420549,1.0159107246639204e-60,8.127285797311362e-59
6,mki67,16.134445,3.5087945,1.4611378012484948e-58,1.1239521548065344e-56
6,rrm2-1,15.819061,3.3315723,2.2989354285951708e-56,1.6420967347108363e-54
6,ccnd1,15.507761,2.9912295,3.0741239114151984e-54,2.1200854561484126e-52
6,sox11b,15.426106,2.7276924,1.0926572832634033e-53,7.284381888422689e-52
6,ptgdsb.2,14.765782,2.4955516,2.434807365158761e-49,1.5217546032242258e-47
6,tmsb,14.642622,2.70171,1.5016324836243104e-48,9.100802931056426e-47
6,slc1a2b,14.518016,2.0946517,9.316862963324934e-48,5.480507625485255e-46
6,nrgna,14.062646,1.9028077,6.443179095516179e-45,3.5795439419534327e-43
6,hsp70.3,13.828618,1.5555617,1.7128057623492647e-43,9.258409526212242e-42
6,cenpf,13.349007,3.4755962,1.2003948779444457e-40,6.317867778654978e-39
6,zbtb18,13.296802,1.4424179,2.4158449099163434e-40,1.2388948255981247e-38
6,pleca,13.243463,2.158732,4.922583239499208e-40,2.461291619749604e-38
6,s100a10b,13.076026,1.8550802,4.514320181085825e-39,2.1496762767075355e-37
6,six3b,13.020885,1.7742212,9.30848075115824e-39,4.329525930771275e-37
6,actb2,12.584367,0.74875456,2.5739749440031045e-36,1.169988610910502e-34
6,hsp90aa1.2,12.393193,1.007355,2.844859393997937e-35,1.264381952887972e-33
6,cabp5a,12.282734,1.0910554,1.1214356723758545e-34,4.875807271199368e-33
6,hsp70l,12.073824,1.2293675,1.4522534235448197e-33,6.179801802318381e-32
6,ctnnb1,11.986333,1.6128538,4.190514136027936e-33,1.7460475566783064e-31
6,hsp70.2,11.8046465,1.3563528,3.6933853177361996e-32,1.5075042113208977e-30
6,si:dkey-56m19.5,11.798837,1.5571623,3.957462601734527e-32,1.5829850406938108e-30
6,top2a,11.791328,3.3888175,4.3266126258582346e-32,1.6967108336698962e-30
6,rbpms2b,11.543795,1.9374292,7.934612161508648e-31,3.051773908272557e-29
6,pygl,11.510859,2.5797782,1.1631487408554211e-30,4.3892405315298914e-29
6,scarb2a,11.427731,1.3858646,3.0394899474068875e-30,1.1257370175581064e-28
6,si:dkey-238o13.4,11.20203,2.7532053,3.984932048613614e-29,1.4231900173620049e-27
6,aqp1a.1,11.149715,2.1335151,7.183593932117962e-29,2.5205592744273548e-27
7,glula,23.850042,3.9714813,1.011601559367741e-125,2.023203118735482e-122
7,nfasca,23.783024,5.087055,5.00540510599969e-125,5.005405105999689e-122
7,slc1a2b,23.22686,5.4357653,2.4379569546247086e-119,1.6253046364164723e-116
7,cahz,22.681034,4.2265735,6.895111218074287e-114,3.447555609037143e-111
7,pleca,21.66871,4.734584,4.049295305442842e-104,1.6197181221771368e-101
7,rhbg,21.490595,5.410212,1.9065307834339407e-102,6.355102611446469e-100
7,gpr37a,21.421196,5.43498,8.478491446353368e-102,2.422426127529534e-99
7,rlbp1a,21.302551,4.1357255,1.0750371224272583e-100,2.6875928060681457e-98
7,pik3ip1,21.28153,4.3747563,1.6835342780353534e-100,3.7411872845230076e-98
7,pax6b,21.25967,3.444605,2.682957191173934e-100,5.365914382347868e-98
7,lfng,21.193306,5.4440284,1.1009122267063525e-99,2.0016585940115502e-97
7,qkia,21.149439,3.378871,2.7924485007258387e-99,4.6540808345430644e-97
7,fat1a,21.135498,3.3890948,3.7521393662744484e-99,5.485822923155341e-97
7,atp1a1b,21.134403,4.9488792,3.840076046208738e-99,5.485822923155341e-97
7,phf24,21.052181,4.824557,2.183959384437783e-98,2.911945845917044e-96
7,igsf9ba,20.971527,4.1040654,1.1937225310956376e-97,1.4921531638695469e-95
7,aqp1a.1,20.935387,5.3096037,2.549834254746119e-97,2.999805005583669e-95
7,ptgdsb.2,20.692318,5.085863,4.062060775602715e-95,4.5134008617807954e-93
7,scarb2a,20.457493,4.183632,5.151956022809862e-93,5.423111602957749e-91
7,rbpms2b,20.298306,4.1189904,1.3309515722663722e-91,1.3309515722663722e-89
7,slc38a4,20.294352,5.424418,1.442445366340799e-91,1.373757491753142e-89
7,col15a1b,19.975706,5.672016,8.960852242405182e-89,7.837183155582664e-87
7,selenop,19.975418,3.7661233,9.012760628920063e-89,7.837183155582664e-87
7,mdka,19.725492,3.4732327,1.3028461830235998e-86,1.0857051525196665e-84
7,id1,19.69657,4.2481685,2.3073327320949963e-86,1.845866185675997e-84
7,sox13,19.630295,4.852926,8.521846076947128e-86,6.555266213036252e-84
7,s1pr1,19.455725,4.5366344,2.606466702248343e-84,1.9307160757395133e-82
7,pdgfrb,19.363003,4.521065,1.5837811895511207e-83,1.1312722782508005e-81
7,syne1b,19.356771,3.19099,1.787424578815835e-83,1.2327066060798862e-81
7,apoeb,18.844614,3.5383954,3.253325563167267e-79,2.1204805951784947e-77
7,mt2,18.844072,3.2106462,3.286744922526667e-79,2.1204805951784947e-77
7,col18a1a,18.813313,3.977525,5.87500300762556e-79,3.671876879765975e-77
7,ablim1b,18.792587,3.6620288,8.684179029305571e-79,5.26313880563974e-77
7,si:ch211-152c2.3,18.770124,4.659676,1.325747086910963e-78,7.79851227594684e-77
7,map4l,18.736244,2.9514272,2.507084314911335e-78,1.4326196085207625e-76
7,hsd11b2,18.50675,4.1026,1.8216411647300422e-76,1.0120228692944679e-74
7,mdkb,18.158298,3.41247,1.1039240123852726e-73,5.967156823704177e-72
7,tenm4,18.078089,3.1200075,4.742332276686109e-73,2.4959643561505836e-71
7,slc38a3b,17.955437,5.1788626,4.3514451224287566e-72,2.2315103191942343e-70
7,nat16,17.652674,2.7908564,9.705212743159221e-70,4.852606371579611e-68
7,nrgna,17.612724,3.294749,1.9674384045603065e-69,9.597260510050275e-68
7,pygl,17.59421,3.9595995,2.7283313937164426e-69,1.2992054255792583e-67
7,icn,17.438118,3.0870168,4.238086363321842e-68,1.9712029596845777e-66
7,ptpn13,17.3448,3.4354558,2.1592361040039045e-67,9.814709563654111e-66
7,gpm6ab,17.301308,2.762975,4.5983563253989333e-67,2.0437139223995262e-65
7,gstm.1,17.284212,2.926974,6.186178417477425e-67,2.689642790207576e-65
7,proca1,17.211435,3.7568095,2.1796428582301908e-66,9.275075992468898e-65
7,zgc:112332,17.115475,4.618525,1.1378387930179916e-65,4.740994970908298e-64
7,epas1b,17.069992,2.9834428,2.48234592892858e-65,1.013202419970849e-63
7,gfap,17.010086,3.5820506,6.913522698121539e-65,2.7654090792486157e-63
8,tnr,39.170967,6.8312216,0.0,0.0
8,SLC4A5,38.7131,7.438862,0.0,0.0
8,sept15,38.04245,5.509141,0.0,0.0
8,pcdh8,37.513756,6.687796,5.496572820449492e-308,2.748286410224746e-305
8,pcbp3,37.015404,4.9590454,6.472645123814914e-300,2.5890580495259655e-297
8,SLC4A5-1,36.863773,6.5711927,1.759762398907464e-297,5.8658746630248795e-295
8,si:ch211-153l6.6,36.819405,6.43611,9.033279197636036e-297,2.580936913610296e-294
8,slc12a2,36.61109,5.7865934,1.9051299386419366e-293,4.7628248466048416e-291
8,atp2b4,35.780575,5.372958,2.214582757710741e-280,4.921295017134981e-278
8,map1b,35.236427,5.755084,5.5378955688161115e-272,1.1075791137632222e-269
8,gria3a,34.718452,5.7586308,4.149958936542955e-264,7.545379884623556e-262
8,mark3b,34.63287,5.0245037,8.089760045181201e-263,1.3482933408635334e-260
8,syt1a,34.370247,4.5421987,7.019795987275817e-259,1.0799686134270488e-256
8,ndrg4,34.31853,4.187715,4.1530561147705106e-258,5.932937306815015e-256
8,prkar2ab,34.02352,6.736267,1.000267165132978e-253,1.3336895535106375e-251
8,si:dkey-22o22.2,33.95372,6.2080474,1.0749145892365876e-252,1.3436432365457345e-250
8,si:ch211-276i12.4,33.887676,7.1477675,1.0118636160270564e-251,1.1904277835612428e-249
8,nat16,33.712364,4.166259,3.809209766999927e-249,4.232455296666586e-247
8,pde4ba,33.273132,4.5780807,9.450626786564396e-243,9.948028196383575e-241
8,kcnj14,33.161976,6.7821827,3.806093523647546e-241,3.8060935236475455e-239
8,mdka,32.8086,5.0676684,4.439335475505319e-236,4.227938548100303e-234
8,si:ch73-29l19.1,32.745983,5.9146338,3.463670315980859e-235,3.1487911963462354e-233
8,cab39l1,32.221706,5.3045497,8.765372375647574e-228,7.622062935345717e-226
8,slc17a6b,31.984049,6.5154457,1.8173172646188804e-224,1.514431053849067e-222
8,ptn,31.641796,6.351031,9.834074794940525e-220,7.86725983595242e-218
8,gad2,31.3384,4.046131,1.4000123757280645e-215,1.0769325967138958e-213
8,adarb1a,30.454405,4.9897923,1.047408095485283e-203,7.758578485076171e-202
8,CABZ01114053.1,29.62731,6.1133146,6.649435892815143e-193,4.749597066296531e-191
8,vtnb,29.623236,6.388219,7.503525723296491e-193,5.174845326411373e-191
8,btbd17a,29.419489,6.4437494,3.093759769592327e-190,2.0625065130615512e-188
8,clu,29.159136,3.557675,6.398505462749787e-187,4.128068040483733e-185
8,rprmb,29.14535,6.3592286,9.568027701556835e-187,5.980017313473022e-185
8,rtn4r,28.923134,4.165032,6.1117631942154e-184,3.704098905585091e-182
8,atp2b2,28.90781,5.155094,9.524211461770962e-184,5.602477330453507e-182
8,atp1a3a,28.775541,3.7781513,4.340868901605499e-182,2.480496515203142e-180
8,ompa,28.395407,5.690427,2.304239057864573e-177,1.2801328099247628e-175
8,grin1a,27.89987,3.7952337,2.6778200552490414e-171,1.447470300134617e-169
8,rem1,27.8546,6.0188723,9.474483057059916e-171,4.986570030031535e-169
8,slc6a1l,26.706762,7.084619,3.928280618975763e-157,2.0145028815260323e-155
8,pax6b,26.309063,3.3227665,1.5104279259298474e-152,7.552139629649237e-151
8,gad1b,25.650217,4.720433,4.204497088534999e-145,2.0509741895292677e-143
8,opn4.1,24.69814,3.6203663,1.1198526307683904e-134,5.332631575087573e-133
8,kcnh6a,24.628918,6.6694813,6.191998182892195e-134,2.8799991548335795e-132
8,slc4a3,24.547941,6.5713987,4.549682854918374e-133,2.0680376613265339e-131
8,net1,24.526485,5.3218203,7.708719546932801e-133,3.4260975764145786e-131
8,atp1b1a,24.43599,3.2837827,7.091658303944036e-132,3.0833296973669726e-130
8,plekhd1,24.1046,5.9610195,2.2369066892725895e-128,9.518751869245061e-127
8,stmn1b,24.08521,2.8163495,3.5718716271809716e-128,1.488279844658738e-126
8,mt2,23.824152,3.0391378,1.8772133353400987e-125,7.662095246286117e-124
8,sez6l,23.810545,4.7424474,2.5971698330758754e-125,1.03886793323035e-123
9,gnb3b,50.773403,4.072189,0.0,0.0
9,gnat2,49.383793,3.9410028,0.0,0.0
9,pde6ha,49.281837,2.8116934,0.0,0.0
9,rcvrn2,48.047634,3.9914384,0.0,0.0
9,es1,46.802315,3.7983503,0.0,0.0
9,pde6c,46.623337,3.8401475,0.0,0.0
9,gngt2b,45.15795,3.07002,0.0,0.0
9,arr3a,43.995335,3.3801813,0.0,0.0
9,pdcb,43.09608,3.8446016,0.0,0.0
9,rbp4l,41.29323,2.4712214,0.0,0.0
9,guca1c,41.031433,3.9234707,0.0,0.0
9,opn1sw1,38.637558,3.7752006,0.0,0.0
9,ndrg1b,36.697906,3.2758315,7.886884220147211e-295,1.1266977457353158e-292
9,opn1sw2,34.22724,3.2023766,9.512632411752478e-257,1.2683509882336638e-254
9,opn1mw2,32.738914,3.3419068,4.3666864606977244e-235,5.458358075872155e-233
9,prph2a,31.656824,3.0606098,6.108753107898352e-220,7.186768362233355e-218
9,slc24a2,30.830433,2.9928112,1.0248655565511796e-208,1.1387395072790886e-206
9,ly6pge,30.778702,2.9899695,5.052109553432944e-208,5.318010056245205e-206
9,rcvrn3,29.979519,2.907211,1.814992868012601e-197,1.814992868012601e-195
9,gngt2a,29.482264,2.523654,4.860280896795779e-191,4.628838949329313e-189
9,si:ch211-81a5.8,29.380247,2.9994633,9.820124623244387e-190,8.927386021131261e-188
9,rp1l1b,27.642298,2.336437,3.454109517184114e-168,3.003573493203577e-166
9,arr3b,27.046211,2.7655294,4.232164553582496e-161,3.52680379465208e-159
9,hsp90aa1.2,25.323706,1.820625,1.751311832474944e-141,1.401049465979955e-139
9,cnga3a,24.072174,3.0531864,4.891822059751623e-128,3.762940045962787e-126
9,opn1lw1,23.708057,2.7112772,2.9777264361638824e-124,2.2057232860473202e-122
9,kera,22.174164,2.589394,6.099892408580641e-109,4.3570660061290294e-107
9,opn1lw2,21.860018,2.7398171,6.242001102751784e-106,4.304828346725368e-104
9,si:dkey-190l8.2,20.943762,2.3863974,2.1388682129721195e-97,1.425912141981413e-95
9,six7,20.520802,2.4100697,1.4037736748270527e-93,9.056604353722921e-92
9,opn1mw3,19.913422,3.0638685,3.1130674507124615e-88,1.9456671566952885e-86
9,htra1b,19.854698,2.3450646,1.0036254303785459e-87,6.082578365930581e-86
9,thrb,19.257196,2.2513325,1.2285452435668589e-82,7.226736726863875e-81
9,grk1b,18.207502,2.2789218,4.500207908042519e-74,2.5715473760242966e-72
9,hsp70l,16.082973,1.5077643,3.358632069999633e-58,1.8659067055553516e-56
9,rbp3,15.839798,1.1844822,1.6535070567906826e-56,8.937875982652339e-55
9,si:ch211-113d22.2,15.3061495,1.4097314,6.956232673824668e-53,3.661175091486668e-51
9,fabp7a,14.483188,1.1521771,1.5475169573789536e-47,7.935984396815147e-46
9,hsp70.2,14.227576,1.4372969,6.178598220286235e-46,3.0892991101431174e-44
9,opn1mw1,13.953833,2.5910535,2.9814250558773144e-44,1.454353685793812e-42
9,efna1b,13.69374,1.2639815,1.1066394615709622e-42,5.269711721766486e-41
9,pcloa,12.744997,1.2017288,3.3240518573321135e-37,1.5460706313172623e-35
9,hsp70.1,12.250193,1.2642062,1.675972846803937e-34,7.61805839456335e-33
9,hsp70.3,12.204191,1.2090248,2.9522807522752165e-34,1.3121247787889853e-32
9,cngb3.2,11.990531,1.9176525,3.9834516204134524e-33,1.7319354871362836e-31
9,opn6b,11.909009,1.7125394,1.062321309742995e-32,4.520516211672319e-31
9,ptpdc1b,11.728362,1.7388753,9.120606627958757e-32,3.800252761649482e-30
9,aanat1,11.716098,0.99656355,1.0541648924362545e-31,4.3027138466785894e-30
9,zgc:193593,11.540301,1.6972083,8.263497895380898e-31,3.305399158152359e-29
9,dnajb1b,11.256655,1.054767,2.1475681846245487e-29,8.37042629562864e-28
10,gnat2,46.516624,4.6372447,0.0,0.0
10,slc24a2,46.16636,5.038017,0.0,0.0
10,gnb3b,45.624622,4.49273,0.0,0.0
10,prph2a,45.428284,5.0557804,0.0,0.0
10,pdcb,43.63116,4.596391,0.0,0.0
10,rcvrn2,43.533615,4.396308,0.0,0.0
10,pde6c,43.34859,4.350076,0.0,0.0
10,pde6ha,40.919025,3.1733346,0.0,0.0
10,grk1b,40.23711,5.018531,0.0,0.0
10,si:dkey-190l8.2,39.92251,4.513687,0.0,0.0
10,ndrg1b,38.18821,4.028679,0.0,0.0
10,gngt2b,38.134,3.368411,0.0,0.0
10,htra1b,37.780277,4.4509974,0.0,0.0
10,rp1l1b,36.929893,3.6202412,1.531606108825441e-298,2.1880087268934872e-296
10,six7,36.480434,4.1615024,2.2657889193733596e-291,3.021051892497813e-289
10,guca1c,36.31451,3.9929652,9.550162264527291e-289,1.1937702830659113e-286
10,ptpdc1b,36.187042,5.0439806,9.734368753098582e-287,1.1452198533057155e-284
10,ly6pge,35.99992,4.0305333,8.389494351157586e-284,9.321660390175097e-282
10,kera,35.436024,4.527195,4.761861856625444e-275,5.012486164868888e-273
10,cnga3a,34.133152,4.08224,2.3778745628899887e-255,2.3778745628899887e-253
10,zgc:193593,33.86063,4.4485955,2.5314835386510067e-251,2.410936703477149e-249
10,camk2d1,33.717167,4.5456243,3.239151724610241e-249,2.9446833860093105e-247
10,cngb3.2,32.884895,4.5842338,3.613734431655836e-237,3.1423777666572485e-235
10,opn6b,32.86656,4.6646757,6.606498708745832e-237,5.5054155906215266e-235
10,si:ch211-81a5.8,32.52836,3.5237536,4.237195856627896e-232,3.3897566853023164e-230
10,si:dkey-206f10.1,29.921312,4.3798594,1.0395054957829587e-196,7.996196121407375e-195
10,tdh2,28.958275,2.693783,2.2078176178871693e-184,1.6354204576941995e-182
10,rcvrn3,28.06267,3.1477396,2.798317604646327e-173,1.9987982890330908e-171
10,pcloa,26.407326,2.5935705,1.1288611267169381e-153,7.785249149771987e-152
10,itpr1b,26.391806,2.820091,1.7015296412474803e-153,1.134353094164987e-151
10,es1,25.768326,2.5756044,2.0090699962315145e-146,1.2961741911171062e-144
10,efna1b,24.864689,2.5548491,1.793830790508664e-136,1.121144244067915e-134
10,arr3a,24.739515,2.4999945,4.0203352290830146e-135,2.4365668055048573e-133
10,sptbn5,24.257208,2.4506571,5.550015085856543e-130,3.2647147563862017e-128
10,si:rp71-62i8.1,24.121279,2.30452,1.4952017652341735e-128,8.54401008705242e-127
10,si:ch211-133l5.7,23.341923,4.110672,1.6647225192777972e-120,9.248458440432208e-119
10,vgf,23.223364,3.2754636,2.644637368940101e-119,1.4295337129405951e-117
10,nfia,23.09757,2.6220093,4.897706728111924e-118,2.577740383216802e-116
10,si:ch73-212j7.3,23.056032,2.550821,1.2795918937053534e-117,6.562009711309505e-116
10,rbp4l,23.046213,1.8102144,1.6052941754742528e-117,8.026470877371263e-116
10,thrb,22.911438,3.1695487,3.573541193888633e-116,1.7431908262871382e-114
10,arr3b,22.815939,2.8168993,3.185480353825022e-115,1.5168954065833437e-113
10,guca1e,22.797678,4.535076,4.834969225722433e-115,2.248822895684853e-113
10,gngt2a,22.560349,2.2774684,1.062837168104204e-112,4.8310780368372915e-111
10,lrmp,22.11927,3.1883411,2.062336907057275e-108,9.165941809143444e-107
10,opn1sw1,22.09872,3.157438,3.2515045143167482e-108,1.4136976149203254e-106
10,rbp3,21.598911,1.8749276,1.839003741550884e-103,7.82554783638674e-102
10,opn1mw2,21.51327,2.8652198,1.1696442844676084e-102,4.8735178519483684e-101
10,arhgef4,20.928482,2.594446,2.9473698232918077e-97,1.2030080911395132e-95
10,auts2b,20.80736,2.3378503,3.7123791861664326e-96,1.484951674466573e-94
11,cst3,42.535168,5.3896823,0.0,0.0
11,rgrb,42.493088,7.689269,0.0,0.0
11,rbp3,40.76076,4.6706705,0.0,0.0
11,lrp1aa,40.29348,6.867339,0.0,0.0
11,stra6,40.13949,8.023346,0.0,0.0
11,aplp2,39.0971,3.9958007,0.0,0.0
11,tyrp1b,38.72773,7.7276607,0.0,0.0
11,rbp5,37.816032,6.74386,0.0,0.0
11,mb,37.756687,7.6396046,0.0,0.0
11,pmela,35.581585,7.6716323,2.69936628716767e-277,5.39873257433534e-275
11,dct,34.18395,7.7739353,4.188145180549889e-256,7.614809419181617e-254
11,rlbp1b,34.178604,6.272997,5.0281846327782833e-256,8.380307721297139e-254
11,thbs1b,33.647995,7.6309137,3.335543837179333e-248,5.13160590335282e-246
11,ambp,32.969357,7.227088,2.233766005004355e-238,3.1910942928633642e-236
11,ctsd,32.80989,4.8074493,4.255471705849263e-236,5.673962274465684e-234
11,psap,31.719067,4.3265305,8.48277556915701e-221,1.0603469461446262e-218
11,atp1a1a.1,30.895174,4.7282724,1.3867434479656181e-209,1.6314628799595507e-207
11,si:ch211-251b21.1,30.632208,5.220156,4.560989282032706e-206,5.067765868925229e-204
11,atp1b1a,30.463827,4.678737,7.85824346118316e-204,8.271835222298063e-202
11,si:ch211-236l14.4,29.34424,7.14726,2.8300871371424664e-189,2.830087137142466e-187
11,pttg1ipb,28.980345,6.467732,1.1639979259031163e-184,1.108569453241063e-182
11,rpe65a,28.707062,5.6962,3.114557931702259e-181,2.8314163015475083e-179
11,inpp5kb,27.441545,5.861746,8.764971797286189e-166,7.621714606335816e-164
11,glula,26.673315,2.8965263,9.603501566288231e-157,8.002917971906859e-155
11,pmelb,26.463718,7.0473967,2.5368205711478477e-154,2.029456456918278e-152
11,inpp5ka,26.276176,5.253735,3.5905870850372457e-152,2.761990065413266e-150
11,marcksl1b,25.171612,2.8071237,8.1975044847934315e-140,6.072225544291431e-138
11,itih1,23.621128,6.9238667,2.338290474997779e-123,1.6702074821412706e-121
11,rdh8a,23.191248,4.16207,5.580259564158032e-119,3.848454871833125e-117
11,actb2,22.97045,1.7961495,9.20549705656168e-117,6.136998037707787e-115
11,ccn2a,22.214289,7.1661716,2.499107389947184e-109,1.612327348353022e-107
11,mfge8a,21.732323,4.8262973,1.0153417097030891e-104,6.345885685644307e-103
11,tm6sf2,20.63539,5.858967,1.3207609697586678e-94,8.00461193793132e-93
11,slc2a11b,20.600878,6.204219,2.695101927533487e-94,1.585354075019698e-92
11,col18a1a,19.889345,4.4581776,5.03287248497794e-88,2.875927134273108e-86
11,BX908782.2,19.52026,4.8048882,7.386244513104255e-85,4.103469173946809e-83
11,sparc,19.490286,4.264899,1.3273947580266955e-84,7.1751068001443e-83
11,fat1a,18.700686,3.5211282,4.887184919215573e-78,2.5722025890608278e-76
11,clu,18.47399,2.5579667,3.3442952739074746e-76,1.7150232173884484e-74
11,rdh5,18.117462,5.984693,2.3205086892361948e-73,1.1602543446180974e-71
11,hsd11b2,17.833479,4.106792,3.884722171090518e-71,1.8949864249222036e-69
11,pip5k1ba,17.674606,4.954815,6.579709608558277e-70,3.1331950516944173e-68
11,fhdc1,17.205135,4.905467,2.430078038545961e-66,1.1302688551376565e-64
11,ugt5g2,17.2013,6.507019,2.596445618538684e-66,1.18020255388122e-64
11,ctsla,17.128374,3.065059,9.116578767389594e-66,4.0518127855064864e-64
11,selenou1b,17.096878,5.96936,1.565713253788009e-65,6.807448929513083e-64
11,rgra,16.46456,4.8700395,6.594144202162855e-61,2.747560084234523e-59
11,zgc:158463,16.04178,0.6235463,6.525635823748761e-58,2.6102543294995043e-56
11,caprin1b,15.668219,3.3087595,2.494727440008983e-55,9.783244862780327e-54
11,rbm47,15.417168,4.375355,1.254893786868562e-53,4.826514564879085e-52
12,msnb,16.017673,8.86778,9.618299722797466e-58,1.923659944559493e-54
12,rpe65a,15.82305,7.857977,2.1578329535210877e-56,2.1578329535210874e-53
12,inpp5ka,15.770821,6.98067,4.940399600903078e-56,3.293599733935385e-53
12,stra6,15.692863,8.193681,1.6924674579360923e-55,8.462337289680462e-53
12,inpp5kb,15.669197,7.588751,2.4566333691398708e-55,9.826533476559482e-53
12,pip5k1ba,15.555284,7.3327184,1.4650411421883677e-54,4.8834704739612256e-52
12,si:ch211-236l14.4,15.485621,7.639658,4.338492467009568e-54,1.239569276288448e-51
12,rgrb,15.44649,7.5275416,7.966434821811567e-54,1.9916087054528917e-51
12,rlbp1b,15.395269,7.219274,1.7609071333749286e-53,3.590080285473671e-51
12,tm6sf2,15.394027,7.459131,1.7950401427368357e-53,3.590080285473671e-51
12,epas1b,15.377812,6.545568,2.3060842077733425e-53,4.192880377769714e-51
12,ambp,15.337404,7.4004426,4.300491790770295e-53,7.167486317950491e-51
12,atp1a1a.1,15.295333,5.789542,8.213976114116538e-53,1.263688632941006e-50
12,thbs1b,15.24472,7.383577,1.7849524366592874e-52,2.5499320523704104e-50
12,rbp5,15.223984,7.0884867,2.4513938602712786e-52,3.268525147028372e-50
12,tlcd4b,15.186258,6.419398,4.361125095692279e-52,5.451406369615349e-50
12,pnp4a,15.153466,7.2382812,7.187426068256517e-52,8.455795374419432e-50
12,tyrp1b,15.1389265,7.0316324,8.96654840896157e-52,9.962831565512857e-50
12,trpm1b,15.117252,6.4115796,1.2463595820458188e-51,1.3119574547850725e-49
12,rbm47,15.016039,6.5709414,5.765138699573244e-51,5.7651386995732444e-49
12,pttg1ipb,14.910737,6.847907,2.8063763605221447e-50,2.672739390973471e-48
12,lrrfip1a,14.7054405,5.845297,5.9482700113756e-49,5.407518192159637e-47
12,slc2a11a,14.678799,7.334687,8.813830381674038e-49,7.664200331890468e-47
12,cst3,14.668969,5.462137,1.018813857644135e-48,8.490115480367791e-47
12,slc2a11b,14.662022,6.8577914,1.128621426923704e-48,9.02897141538963e-47
12,fhdc1,14.597842,5.9698567,2.898761223117222e-48,2.2298163254747863e-46
12,si:ch211-106h4.9,14.432613,5.9261966,3.226200444721538e-47,2.3897781072011394e-45
12,rdh8a,14.351622,5.6545243,1.0407431989752426e-46,7.433879992680305e-45
12,rhoub,14.335571,6.583507,1.3116268415719995e-46,9.045702355668961e-45
12,dct,14.312081,6.55438,1.8392592983409017e-46,1.2261728655606013e-44
12,lrp1aa,14.268381,5.6720285,3.444834919768362e-46,2.2224741417860401e-44
12,tmem98,14.152312,6.640963,1.8071626969801133e-45,1.1294766856125709e-43
12,slc6a6a,14.073828,6.893334,5.500949001528277e-45,3.3339084857747135e-43
12,mmel1,14.037614,7.500908,9.174984504610576e-45,5.397049708594456e-43
12,atp1b1a,14.005337,5.3817606,1.445922954474825e-44,8.262416882713285e-43
12,slc7a2,13.89044,6.824477,7.238954058812413e-44,3.990509337962188e-42
12,plpp1a,13.889034,5.3890786,7.382442275230047e-44,3.990509337962188e-42
12,pmela,13.818786,6.0541167,1.9635428214685863e-43,1.0334435902466244e-41
12,glula,13.81656,4.1138797,2.0251993244625136e-43,1.0385637561346223e-41
12,rdh5,13.812213,6.837863,2.151197879506875e-43,1.0755989397534374e-41
12,si:ch211-251b21.1,13.76426,5.398726,4.1814302333258665e-43,2.039722065037008e-41
12,ddr1,13.755333,5.8056583,4.730995482698695e-43,2.252854991761283e-41
12,col18a1a,13.7450695,5.146547,5.45206093854079e-43,2.522322961229023e-41
12,myrf,13.743793,6.7851973,5.54911051470385e-43,2.522322961229023e-41
12,ctsd,13.736049,5.0954037,6.175561017050194e-43,2.744693785355642e-41
12,slc47a1,13.722154,7.62696,7.481003994927304e-43,3.2526104325770884e-41
12,marcksl1b,13.697468,4.2078567,1.051265030447616e-42,4.473468214670706e-41
12,slc13a4,13.66539,6.893665,1.6342547777675824e-42,6.809394907364926e-41
12,itih1,13.660212,5.863858,1.75472724277748e-42,7.162152011336653e-41
12,zgc:171775,13.6550455,7.180754,1.883727341311132e-42,7.534909365244527e-41
13,grin1b,43.580486,4.214955,0.0,0.0
13,vamp1,43.366417,4.621601,0.0,0.0
13,slc12a5b,42.883644,4.7518997,0.0,0.0
13,cabp5a,40.97067,4.6785884,0.0,0.0
13,zfhx4,38.972862,3.9214501,0.0,0.0
13,nat16,37.107716,3.2408879,2.109700089418988e-301,7.032333631396626e-299
13,cabp2a,34.31249,4.635778,5.111022187263247e-258,1.2777555468158116e-255
13,ppp1r1b,34.176285,4.8854017,5.443039497603841e-256,1.2095643328008536e-253
13,rgs16,33.642017,4.0445237,4.079600005745056e-248,8.159200011490112e-246
13,lrit1a,33.16114,4.8189507,3.913014221874598e-241,7.11457131249927e-239
13,map4l,31.519936,2.7589984,4.631913496179577e-218,7.719855826965961e-216
13,ndrg4,30.928673,2.7129781,4.918383421848215e-210,7.026262031211736e-208
13,efna1b,30.878082,3.2149508,2.3523889365758522e-209,3.136518582101137e-207
13,fam107b,29.609058,3.5191543,1.1424282212255064e-192,1.344033201441772e-190
13,pclob,28.9588,2.7522128,2.174410181260503e-184,2.41601131251167e-182
13,fmn2a,28.887386,3.8217514,1.7196410644936375e-183,1.810148488940671e-181
13,pcp4l1,28.84229,3.9255705,6.330412076891089e-183,6.330412076891088e-181
13,nell2b,28.360773,4.323225,6.164578326964644e-177,5.871026978061565e-175
13,fgf11b,26.401312,4.543158,1.3234653431535765e-153,1.1028877859613138e-151
13,tjp2a,25.749708,4.142884,3.247717101975604e-146,2.598173681580483e-144
13,rs1a,23.756433,3.4052036,9.427656396205999e-125,7.252043381696923e-123
13,rtn4r,23.482292,3.4064114,6.187289237750574e-122,4.583177213148573e-120
13,si:ch211-160f23.7,23.183792,4.1372705,6.635292987111676e-119,4.739494990794055e-117
13,grik1a,22.500668,4.619479,4.088620367346855e-112,2.819738184377141e-110
13,SMIM36,22.335909,3.9036095,1.6552716327831317e-110,1.1035144218554211e-108
13,marcksl1b,21.889597,1.809487,3.2638470069794674e-106,2.105707746438366e-104
13,tex2l,21.755665,4.554544,6.105530050782667e-105,3.815956281739167e-103
13,slc38a3a,21.511993,2.522143,1.2022682812599324e-102,7.286474431878378e-101
13,vsx1,21.071127,3.5065303,1.464063198778874e-98,8.366075421593564e-97
13,abhd3,21.019106,3.3219688,4.386102601340205e-98,2.4367236674112252e-96
13,tmem178b,20.627335,2.7498057,1.560143531798982e-94,8.433208279994497e-93
13,iqsec3a,20.369558,2.9986217,3.114715346918823e-92,1.6393238667993807e-90
13,ppp1r14c,18.823166,2.4052668,4.878037775715428e-79,2.5015578337002195e-77
13,pcbp3,18.697731,2.032414,5.165731273506082e-78,2.582865636753041e-76
13,rnd1a,18.513248,2.9268763,1.6146624969547594e-76,7.876402424169558e-75
13,dpp6b,18.082146,3.64218,4.4060533827694033e-73,2.0981206584616207e-71
13,ptprdb,17.748238,3.13611,1.778468415302553e-70,8.083947342284333e-69
13,si:dkey-1d7.3,17.433792,3.4365888,4.571116708683146e-68,1.9874420472535418e-66
13,syt5b,17.329832,2.7731671,2.8014172231688177e-67,1.1920924353909863e-65
13,gdpd5b,16.955173,3.5726953,1.7623971121121754e-64,7.343321300467397e-63
13,efna1a,16.862684,2.5703957,8.465574078365922e-64,3.455336358516703e-62
13,TMEM132D,16.798918,3.6906393,2.4854014187760313e-63,9.941605675104125e-62
13,tub,16.38217,2.9919086,2.5642871526240594e-60,1.0056028049506115e-58
13,six3b,16.332579,2.8261876,5.788486038222641e-60,2.2263407839317852e-58
13,neto1,16.255718,4.51381,2.034712317950074e-59,7.678159690377638e-58
13,gnao1b,16.043226,3.0236328,6.375480625255867e-58,2.361289120465136e-56
13,igsf21b,15.86724,3.890302,1.0683730667298701e-56,3.884992969926801e-55
13,si:ch211-121j5.4,15.855698,3.9134371,1.2839296738130617e-56,4.585463120760934e-55
13,zgc:77784,15.7632,3.4015224,5.573793605850619e-56,1.921997795120903e-54
13,pcp4a,15.401267,2.3547187,1.6049414670594409e-53,5.349804890198136e-52
14,tmsb4x,29.11534,4.23371,2.2958590849946267e-186,4.591718169989254e-183
14,actb2,28.831795,3.9561653,8.571284165309176e-183,8.571284165309176e-180
14,pfn1,27.617867,6.5500546,6.790201205994666e-168,4.526800803996444e-165
14,ARF5,25.896923,5.546534,7.212895538192074e-148,3.606447769096037e-145
14,arhgdig,23.17933,5.751737,7.359842488788395e-119,2.943936995515358e-116
14,actb1,22.766993,3.7635727,9.740380458308913e-115,3.2467934861029707e-112
14,mcl1a,22.27742,4.272418,6.118118549584054e-110,1.7480338713097295e-107
14,arpc1b,21.79302,5.3791714,2.7022763687388975e-105,6.755690921847243e-103
14,b2m,21.406181,4.538944,1.1701599805640951e-101,2.600355512364656e-99
14,ENSDARG00000103720,21.083454,5.8231645,1.1283952418355419e-98,2.2567904836710836e-96
14,coro1a,20.818623,5.621955,2.934964427262678e-96,5.336298958659415e-94
14,grn1,20.707489,6.500769,2.9651025923506805e-95,4.941837653917801e-93
14,cd74b,19.864248,5.3232946,8.298567829514599e-88,1.276702743002246e-85
14,cd74a,19.837511,5.1876063,1.412807447163085e-87,2.0182963530901213e-85
14,ptprc,19.354296,5.8865857,1.8754260291259283e-83,2.5005680388345712e-81
14,cebpb,19.126968,6.047919,1.5058142450705683e-81,1.8822678063382103e-79
14,mhc2a,18.72296,5.34338,3.2176767403546857e-78,3.785502047476101e-76
14,mhc1zba,18.343401,4.242905,3.72728489960125e-75,4.141427666223611e-73
14,grna,18.29457,5.1883607,9.141893072379798e-75,9.341652511481411e-73
14,rnf213a,18.293392,3.6922083,9.34165251148141e-75,9.341652511481411e-73
14,laptm5,18.010891,5.1357775,1.6003414471100332e-72,1.524134711533365e-70
14,krt18b,17.495388,5.6338115,1.553493964467705e-68,1.350864316928439e-66
14,dnajb1b,17.344818,3.671776,2.1585736095145008e-67,1.798811341262084e-65
14,c1qc,17.151985,6.9450426,6.074079310299037e-66,4.85926344823923e-64
14,fcer1gl,17.141407,4.7360687,7.286621285350898e-66,5.6050932964237674e-64
14,rac2,17.047686,5.4723096,3.636530463139004e-65,2.597521759385003e-63
14,c1qb,16.91491,7.122851,3.49348393471842e-64,2.4092992653230482e-62
14,fosab,16.862728,3.9959488,8.459361061669189e-64,5.639574041112793e-62
14,ctss2.2,16.838547,5.21677,1.2732357175388123e-63,8.214423984121369e-62
14,cfp,16.756218,6.058339,5.100569409313749e-63,3.187855880821093e-61
14,tln1,16.620234,4.1088586,4.973918146693443e-62,2.925834203937319e-60
14,lygl1,16.614367,6.2424493,5.485174706220242e-62,3.1343855464115664e-60
14,junba,16.489979,4.217447,4.33100226956825e-61,2.406112371982361e-59
14,cd63,16.484484,3.6552327,4.743328177243751e-61,2.563961176888514e-59
14,lcp1,16.399044,5.5226645,1.9427295474466796e-60,1.0224892354982525e-58
14,crip1,16.209267,6.50357,4.337070885846143e-59,2.1685354429230715e-57
14,txnipa,16.058315,4.2372293,4.99949174064823e-58,2.438776458852795e-56
14,srgn,16.017223,5.7832212,9.688023130423837e-58,4.613344347820874e-56
14,itgb2,15.708033,5.385634,1.3325094395169509e-55,6.056861088713414e-54
14,si:ch211-212k18.7,15.633089,4.621613,4.332781996924316e-55,1.9256808875219182e-53
14,spi1b,15.631516,4.85217,4.441068508501107e-55,1.9308993515222207e-53
14,zgc:64051,15.626763,4.94064,4.7850203110688786e-55,2.0361788557739908e-53
14,ptpn6,15.618853,5.0046306,5.417210160210679e-55,2.257170900087783e-53
14,icn,15.412006,3.166209,1.3592623089612781e-53,5.437049235845112e-52
14,zgc:103700,15.295571,4.727237,8.1839925661656675e-53,3.2094088494767324e-51
14,fcer1g,15.088813,5.411459,1.9186264696511927e-51,7.379332575581511e-50
14,mrc1b,15.032477,4.6277957,4.4986026273594214e-51,1.6975858971167628e-49
14,syk,15.031053,4.551013,4.59646786638962e-51,1.7023955060702298e-49
14,hcls1,14.870334,5.100399,5.135696985912923e-50,1.8675261766956084e-48
14,cxcr4b,14.85374,5.9164944,6.579314082477014e-50,2.3497550294560764e-48
15,elavl3,15.65995,5.8889084,2.8412085190905324e-55,5.6824170381810645e-52
15,elavl4,15.465473,6.934869,5.933589654243103e-54,5.933589654243104e-51
15,tubb5,14.5943775,6.4671893,3.0498373888402655e-48,2.0332249258935104e-45
15,maptb,14.376781,5.7156196,7.238348985906082e-47,3.619174492953041e-44
15,islr2,13.740541,7.7446947,5.804040073601085e-43,2.321616029440434e-40
15,kidins220a,13.623513,7.468628,2.902622395810662e-42,9.67540798603554e-40
15,stmn1b,13.332664,4.2638555,1.494650630873968e-40,4.2704303739256227e-38
15,stmn4,12.914552,6.1867805,3.7260594530030177e-38,9.315148632507543e-36
15,gap43,11.895029,6.6432295,1.256086256515547e-32,2.7913027922567712e-30
15,rbpms2b,11.193139,5.199326,4.4055744304833953e-29,8.81114886096679e-27
15,map1aa,11.098708,3.9913743,1.2727007249807108e-28,2.3140013181467472e-26
15,map1b,10.917916,3.6722255,9.464217953543894e-28,1.5773696589239823e-25
15,rbpms2a,10.664981,5.1529326,1.4842982191530004e-26,2.2835357217738466e-24
15,stx1b,10.642938,3.243379,1.8810264550931264e-26,2.6871806501330375e-24
15,gpm6ab,10.5316925,3.5303469,6.171465590596412e-26,8.228620787461883e-24
15,stmn2b,10.393677,6.0389004,2.649399561742175e-25,3.3117494521777186e-23
15,marcksl1b,10.158888,2.8890564,3.0250791641782004e-24,3.558916663739059e-22
15,snap25a,10.102449,3.424113,5.3879476789228346e-24,5.910063133286743e-22
15,sox11a,10.098409,4.1045923,5.614559976622405e-24,5.910063133286743e-22
15,vim,9.990671,4.630049,1.6744452231919196e-23,1.6744452231919197e-21
15,inab,9.338892,6.25162,9.734733952011275e-21,9.27117519239169e-19
15,agrn,9.305007,4.5645885,1.3398371884216756e-20,1.2180338076560689e-18
15,pax6b,9.288147,3.264972,1.5699702818091602e-20,1.3651915493992697e-18
15,spegb,9.225238,4.9660625,2.8293137975091464e-20,2.263451038007317e-18
15,ndrg4,9.017176,2.744184,1.9300024206131737e-19,1.429631422676425e-17
15,sorcs2,8.953113,4.217797,3.455975478214546e-19,2.46855391301039e-17
15,kif26bb,8.913589,6.5918736,4.940678972143952e-19,3.4073648083751395e-17
15,tmsb,8.901302,4.7103367,5.519524489707935e-19,3.679682993138624e-17
15,tmem178b,8.888461,3.0627058,6.196132039759701e-19,3.997504541780452e-17
15,map7d2a,8.851412,3.4944916,8.6418801310559955e-19,5.401175081909997e-17
15,scarb2a,8.843521,3.1346924,9.27487905293618e-19,5.62113881996132e-17
15,nrxn2a,8.818681,4.213262,1.1581574908607578e-18,6.81269112271034e-17
15,tmsb4x,8.769102,1.9438832,1.8009715392465703e-18,1.0005397440258725e-16
15,pax6a,8.75424,3.0539687,2.05483024494891e-18,1.1107190513237352e-16
15,alcamb,8.33583,6.7229967,7.695681403678885e-17,3.847840701839442e-15
15,actb1,8.121585,2.4133599,4.601342545488648e-16,2.2445573392627552e-14
15,shc1,7.643084,3.47159,2.1207931511905068e-14,9.864154191583753e-13
15,CRACD,7.6342716,3.3605292,2.271008662578079e-14,1.0322766648082178e-12
15,meis2a,7.6182003,4.0657034,2.5723726050377712e-14,1.1432767133501206e-12
15,ank2a,7.3997383,3.8004866,1.3645330901286383e-13,5.932752565776688e-12
15,igsf9ba,7.3536663,2.909918,1.928430877357255e-13,8.206088839818107e-12
15,basp1,7.0952144,2.959688,1.2915114614021201e-12,5.381297755842167e-11
15,nrxn1a,7.027932,2.5661168,2.0961684685236935e-12,8.555789667443647e-11
15,luzp2,6.9499726,4.4728546,3.653571807548374e-12,1.4614287230193496e-10
15,ebf3a-1,6.924711,4.851906,4.3686574441215414e-12,1.7131989976947224e-10
15,gng13b,6.9141116,3.051336,4.708042258351531e-12,1.8107854839813583e-10
15,slc44a1b,6.869904,2.012851,6.424500120364944e-12,2.424339668062243e-10
15,cacna1ab,6.8602037,5.462855,6.87624121935532e-12,2.546756007168637e-10
15,nav3,6.805419,3.7850204,1.0075557618012545e-11,3.6638391338227434e-10
15,slc17a6b,6.7727547,3.4827404,1.263532105486829e-11,4.512614662452961e-10
16,apoc1,42.58074,8.27288,0.0,0.0
16,ccl34b.1,40.81671,7.9596457,0.0,0.0
16,tmsb4x,40.77619,4.328093,0.0,0.0
16,lgals9l1,39.98902,8.771706,0.0,0.0
16,apoeb,39.89762,6.1567607,0.0,0.0
16,lgals3bpb,38.524765,8.018693,0.0,0.0
16,actb2,37.868862,3.6462574,0.0,0.0
16,actb1,37.43193,4.640836,1.1820792904554175e-306,2.955198226138544e-304
16,arpc1b,36.545086,7.226143,2.134228669168685e-292,4.7427303759304113e-290
16,pfn1,36.470234,6.4090457,3.287993999755275e-291,6.57598799951055e-289
16,cd74a,34.769455,7.2160287,7.043871685821243e-265,1.2807039428765898e-262
16,fcer1gl,33.262436,6.6998644,1.3493698324992576e-242,2.248949720832096e-240
16,npc2,32.40691,6.093558,2.1937321965182925e-230,3.374972610028143e-228
16,grna,31.854286,7.0630956,1.1481479934315894e-222,1.6402114191879849e-220
16,psap,30.941519,4.333035,3.303980986991911e-210,4.405307982655882e-208
16,ctsc,30.556728,6.7436843,4.602852246906862e-205,5.753565308633577e-203
16,si:dkey-27i16.2,29.96756,6.796814,2.5985233274776557e-197,3.0570862676207713e-195
16,coro1a,29.916403,6.2644033,1.204159619890469e-196,1.3379551332116322e-194
16,cd74b,29.895664,6.461734,2.2405311960813034e-196,2.3584538906118982e-194
16,mpp1,29.50872,5.5464597,2.22517957461978e-191,2.22517957461978e-189
16,ARF5,29.264557,4.8157864,2.931583051881863e-188,2.791983858935108e-186
16,mrc1b,29.011469,5.9138355,4.715879309215215e-185,4.287163008377469e-183
16,ctss2.2,28.430569,6.313586,8.474280102434732e-178,7.368939219508463e-176
16,havcr1,28.363266,7.027394,5.74300514609729e-177,4.7858376217477413e-175
16,arhgdig,28.346611,5.6517434,9.215309555336712e-177,7.372247644269369e-175
16,cndp2,28.158308,5.2792335,1.8959980263472052e-174,1.458460020267081e-172
16,lgals2a,28.029896,5.030925,7.024109137153542e-173,5.203043805298921e-171
16,rap1b,27.68296,4.369942,1.1198986276565326e-168,7.999275911832376e-167
16,mhc2a,27.479462,6.148332,3.090030607882073e-166,2.131055591642809e-164
16,txnipa,27.139072,5.325417,3.407746436638465e-162,2.2718309577589768e-160
16,anxa3b,27.037495,5.9043903,5.3587795964885506e-161,3.4572771590248716e-159
16,spi1b,27.028467,6.225772,6.842214585557804e-161,4.2763841159736275e-159
16,cd63,26.96144,4.6607533,4.188957621690957e-160,2.538762194964216e-158
16,g0s2,26.457554,7.2042503,2.9870504522938845e-154,1.7570885013493436e-152
16,mcamb,25.965454,7.5675383,1.2167426858099907e-148,6.95281534748566e-147
16,lgmn,25.678701,4.2753673,2.021877507663209e-145,1.1232652820351163e-143
16,grn1,25.610828,5.3812823,1.1556690146074212e-144,6.246859538418494e-143
16,tgm2l,25.570513,7.990704,3.247627683485267e-144,1.7092777281501407e-142
16,laptm5,25.464603,6.1005826,4.864942881197802e-143,2.49484250317836e-141
16,mpeg1.1,25.18948,6.2040153,5.223468000737994e-140,2.6117340003689967e-138
16,si:ch1073-392o20.2,25.123587,4.918521,2.74799509981353e-139,1.3404854145431853e-137
16,slc3a2a,24.459105,5.6571693,4.0264106513615776e-132,1.917338405410275e-130
16,si:ch211-212k18.7,24.2913,6.0559163,2.4225886718656162e-130,1.1267854287747053e-128
16,fabp11a,24.171356,6.6838574,4.452964292383747e-129,1.979095241059443e-127
16,lgals9l3,24.03629,7.0116963,1.161392337046385e-127,5.049531900201674e-126
16,zgc:103700,23.841944,6.029978,1.227540515033446e-125,5.223576659716792e-124
16,srgap2,23.75052,5.253495,1.0852182347912001e-124,4.521742644963334e-123
16,bri3,23.340656,4.690362,1.714791193319473e-120,6.999147727834584e-119
16,asah1b,22.952536,5.3405786,1.3900328341413344e-116,5.560131336565337e-115
16,ctsz,22.84475,5.9333296,1.6480099754292096e-115,6.46278421736945e-114
17,cadpsa,17.529587,7.320191,8.518541614424074e-69,1.7037083228848148e-65
17,plch2a,16.669165,5.942514,2.1964098822699914e-62,2.1964098822699915e-59
17,syt5b,16.574831,5.978352,1.05961192962457e-61,7.064079530830467e-59
17,kiaa1549la,15.36721,5.243741,2.716153346255194e-53,1.358076673127597e-50
17,trpm1b,14.562634,6.049635,4.8550278564619075e-48,1.942011142584763e-45
17,RIC3,14.3853855,5.963491,6.3920580668887545e-47,2.1306860222962514e-44
17,myo1b,14.078756,4.403155,5.130493631481762e-45,1.4658553232805034e-42
17,ca10a,13.633924,6.327169,2.5167581616862675e-42,6.2918954042156685e-40
17,map4l,13.306939,3.6445532,2.109484068500664e-40,4.68774237444592e-38
17,vamp1,13.072464,4.298824,4.730789076669611e-39,9.461578153339221e-37
17,rgs16,13.008591,4.3393564,1.0933931879431631e-38,1.8514053651855375e-36
17,lhx4,13.007381,5.1287084,1.1108432191113226e-38,1.8514053651855375e-36
17,nrgna,12.9338455,5.016248,2.8994464673113043e-38,4.460686872786622e-36
17,atp2b3b,12.124316,4.7474318,7.851316359488735e-34,1.121616622784105e-31
17,gnao1b,11.758796,4.599603,6.36356949488032e-32,8.484759326507094e-30
17,nat16,11.1692,3.2144167,5.769836813013975e-29,7.212296016267468e-27
17,dpp6b,10.975917,4.4917827,4.98970210650557e-28,5.870237772359493e-26
17,si:ch211-156l18.8,10.83954,5.3243814,2.2359412971530114e-27,2.484379219058902e-25
17,syt13,10.604591,5.5852447,2.8370062498723097e-26,2.986322368286642e-24
17,ppp1r14c,10.481129,3.383967,1.0547749959193463e-25,1.0547749959193462e-23
17,ptpn13,10.470019,4.365733,1.1861822285056655e-25,1.129697360481586e-23
17,dgkaa,10.181126,6.8652477,2.4075887042250478e-24,2.1887170038409527e-22
17,cabp5a,9.925502,3.5772855,3.2247598786745235e-23,2.8041390249343682e-21
17,irbpl,9.911084,5.3285704,3.725806515189583e-23,3.1048387626579858e-21
17,igsf21b,9.678708,4.463468,3.713789798552237e-22,2.9710318388417893e-20
17,SMIM36,9.562837,3.8097725,1.1457236097464443e-21,8.486841553677365e-20
17,gng13b,9.488848,3.4542103,2.3360201463059253e-21,1.6685858187899465e-19
17,si:ch211-121j5.4,8.918227,4.2958865,4.738134031416113e-19,3.2676786423559397e-17
17,gnb3a,8.888805,4.090235,6.176954729761961e-19,4.1179698198413075e-17
17,atp2b4,8.746897,3.432543,2.193001372045579e-18,1.3706258575284867e-16
17,scg2b,8.731675,5.1097846,2.5092744860387862e-18,1.5207724157810826e-16
17,plpp3,8.680925,4.9733534,3.925630028912949e-18,2.3091941346546756e-16
17,rgs11,8.647788,4.42789,5.250734042421962e-18,3.0004194528125493e-16
17,fmn2a,8.354734,2.9860272,6.55801606355915e-17,3.451587401873237e-15
17,chtf18,8.315603,5.8996267,9.128682009167452e-17,4.681375389316642e-15
17,prkd3,8.283289,5.5939054,1.1981968813231242e-16,5.990984406615621e-15
17,si:ch211-160f23.7,8.231186,3.4307854,1.8536873139051728e-16,8.82708244716749e-15
17,slc12a5b,8.099252,2.553951,5.529814526638125e-16,2.5720067565758723e-14
17,iqsec3a,7.9260216,3.1417625,2.2627813874988536e-15,1.0285369943176607e-13
17,lrit1a,7.86143,3.0480952,3.797720555192062e-15,1.687875802307583e-13
17,ptp4a3a,7.820843,4.8551793,5.247072074053657e-15,2.2813356843711555e-13
17,vsx1,7.8043833,3.3582857,5.979324346897415e-15,2.544393339105283e-13
17,si:dkey-205h13.1,7.7910905,2.3183486,6.643328720204648e-15,2.768053633418603e-13
17,map7d2a,7.7870727,3.3841226,6.857961497466124e-15,2.799167958149438e-13
17,tjp2a,7.7753115,3.1998596,7.526203986459087e-15,3.0104815945836345e-13
17,gdpd5b,7.737485,3.559968,1.0140270883588164e-14,3.9765768170933976e-13
17,prkcaa,7.6260004,3.9273267,2.4214918414971658e-14,9.313430159604484e-13
17,tmem178b,7.2744346,2.6409502,3.4787479253746207e-13,1.3127350661791022e-11
17,map1aa,7.174607,2.843711,7.251521233445909e-13,2.6857486049799663e-11
17,adarb2,7.1509333,4.374569,8.618973855653983e-13,3.134172311146903e-11
18,col1a2,11.125733,11.6709175,9.402979498734302e-29,1.291971710055275e-25
18,col1a1b,11.097364,9.832007,1.2919717100552751e-28,1.291971710055275e-25
18,fstl1b,11.034652,8.255924,2.6005601488803595e-28,1.7337067659202396e-25
18,ahnak,10.936173,6.6120424,7.739810517981588e-28,3.8699052589907943e-25
18,pdgfra,10.602556,9.464837,2.899437351891426e-26,1.1597749407565704e-23
18,col5a1,10.530016,7.894756,6.282386187445235e-26,2.0941287291484114e-23
18,ecrg4a,10.130018,10.560978,4.0657432876655284e-24,1.1616409393330082e-21
18,lama4,10.102429,8.688408,5.389034725281448e-24,1.2734045062693312e-21
18,nid1a,10.096407,9.367757,5.73032027821199e-24,1.2734045062693312e-21
18,f5,9.899466,11.166955,4.185068278654662e-23,8.370136557309324e-21
18,krt8,9.747383,6.116478,1.892838587070688e-22,3.4415247037648874e-20
18,col4a1,9.662249,10.28805,4.361841779295913e-22,7.269736298826521e-20
18,itga1,9.410389,9.67854,4.943051757973429e-21,7.604695012266814e-19
18,efemp2a,9.135388,8.80896,6.517244467235881e-20,9.310349238908401e-18
18,mmel1,9.031101,7.1732335,1.6995228875806018e-19,2.2660305167741357e-17
18,tfpia,8.993746,6.9064355,2.389442822792281e-19,2.9868035284903515e-17
18,col6a4a,8.928679,9.905652,4.3112400012109395e-19,5.0720470602481635e-17
18,sparc,8.8531275,5.0149994,8.510018051339242e-19,9.455575612599159e-17
18,mmp2,8.51783,6.7808022,1.625712015782848e-17,1.6418779976387696e-15
18,zcchc24,8.516684,6.9323964,1.6418779976387697e-17,1.6418779976387696e-15
18,olfml3b,8.461277,10.997863,2.644663645607319e-17,2.5187272815307798e-15
18,icn,8.424884,3.9124255,3.611079762906492e-17,3.2827997844604472e-15
18,ccl38.1,8.418724,8.762744,3.806060412798666e-17,3.3096177502597095e-15
18,arhgef4,8.21978,4.5795755,2.0387687808978788e-16,1.6989739840815655e-14
18,lamc3,8.202631,9.797523,2.3518290913023152e-16,1.881463273041852e-14
18,pcolcea,8.186842,9.214044,2.681705949423764e-16,2.0628507303259725e-14
18,avpr1ab,7.9676147,10.433022,1.6176626068581878e-15,1.1982685976727317e-13
18,tmem47,7.750237,6.612361,9.172104092199922e-15,6.551502922999943e-13
18,clec14a,7.73752,10.64475,1.0137439201771522e-14,6.991337380532083e-13
18,adgrl2a,7.69613,4.5869207,1.402493956104586e-14,9.349959707363907e-13
18,si:ch211-160j14.3,7.683214,8.264283,1.5514576956885487e-14,1.0009404488313217e-12
18,ctsla,7.6143875,3.6856468,2.6494433776549616e-14,1.655902111034351e-12
18,clu,7.6066384,3.2824037,2.8131684693946968e-14,1.7049505875119374e-12
18,tln1,7.5884194,4.3524947,3.238317672011115e-14,1.9048927482418324e-12
18,epas1a,7.549306,6.4714193,4.375838834623621e-14,2.5004793340706403e-12
18,DAB2,7.541939,4.6139426,4.630351962342552e-14,2.5724177568569734e-12
18,ARF5,7.477835,3.6664047,7.555687948417134e-14,4.084155647793046e-12
18,tgfbi,7.460105,8.695198,8.645353032687212e-14,4.5501858066774805e-12
18,calcrla,7.3869224,7.451433,1.5026623503427635e-13,7.705960770988532e-12
18,gpc4,7.2601213,6.059835,3.867430577413566e-13,1.9337152887067828e-11
18,matn4,7.2536254,10.764286,4.057612114122968e-13,1.9363454591933673e-11
18,col1a1a,7.253335,11.122804,4.066325464306071e-13,1.9363454591933673e-11
18,col6a3-1,7.2440114,9.93848,4.3560465822156247e-13,2.0260681777747093e-11
18,fap,7.227137,8.780969,4.93281532967018e-13,2.2421887862137183e-11
18,tfap2a,7.148758,3.8561873,8.756664526610205e-13,3.891850900715647e-11
18,serpinh1b,7.1100116,7.041857,1.1603337368222005e-12,5.0449292905313065e-11
18,tmsb4x,7.0398703,2.0445879,1.924187330392841e-12,8.188031193161025e-11
18,spon1b,6.8958282,7.329124,5.355181968976569e-12,2.2313258204069037e-10
18,f3b,6.829218,6.5416007,8.537868738302475e-12,3.4848443829806017e-10
18,rbpms2b,6.6862917,3.8194785,2.2889631299433477e-11,9.15585251977339e-10
19,slc44a1b,18.553286,6.374812,7.671652970884919e-77,1.5343305941769836e-73
19,plp1b,18.046064,11.759638,8.471774445172151e-73,7.594544562196239e-70
19,qki2,18.029696,7.7691607,1.139181684329436e-72,7.594544562196239e-70
19,mbpa,17.854767,7.849236,2.6538695952133165e-71,1.3269347976066583e-68
19,scdb,17.239256,7.142134,1.3475859947409547e-66,5.3903439789638184e-64
19,arhgap23a,17.011032,6.187042,6.802897919690684e-65,2.2676326398968944e-62
19,cldnk,16.989529,11.736905,9.817547366790525e-65,2.8050135333687214e-62
19,cd59,16.801748,10.577061,2.3695669062986089e-63,5.923917265746522e-61
19,cldn19,16.524418,10.928917,2.4479239020986124e-61,5.037080078874773e-59
19,cd82a,16.522703,7.4194083,2.5185400394373866e-61,5.037080078874773e-59
19,ly75,16.464792,7.0685215,6.56884549472453e-61,1.1943355444953692e-58
19,nfasca,16.218927,5.2074575,3.7061480580092494e-59,6.176913430015416e-57
19,si:dkey-200l5.4,16.079597,11.578073,3.5467996515189935e-58,5.456614848490759e-56
19,mag,15.915112,10.792411,4.977788097821686e-57,7.11112585403098e-55
19,cd9b,15.894774,10.067446,6.887623750519491e-57,9.183498334025989e-55
19,tuft1a,15.681646,7.7742877,2.01951524121979e-55,2.5243940515247376e-53
19,gpm6ab,15.642386,4.98876,3.74426515818485e-55,4.405017833158646e-53
19,zgc:174888,15.56724,6.932892,1.2153949923357267e-54,1.3504388803730298e-52
19,marcksl1b,15.356424,4.605228,3.2078604013443992e-53,3.376695159309894e-51
19,tuba8l3,15.246845,9.292983,1.7278285383399053e-52,1.7278285383399053e-50
19,lmo7a,15.055124,7.312663,3.194990511945418e-51,3.0428481066146833e-49
19,tlcd5a,14.913598,7.345905,2.6886677144076694e-50,2.4442433767342452e-48
19,apba1a,14.435279,6.5286713,3.1038912689752407e-47,2.699035886065427e-45
19,si:ch73-335m24.2,14.409074,11.384768,4.537563670484792e-47,3.7813030587373263e-45
19,zgc:153981,14.387782,8.149251,6.174454615180057e-47,4.939563692144046e-45
19,vim,14.352723,5.621005,1.0243487032200757e-46,7.879605409385198e-45
19,cadm4,14.2883,6.052816,2.5885467613775347e-46,1.9174420454648406e-44
19,dip2ba,14.022559,5.492051,1.134492420755247e-44,8.103517291108906e-43
19,crp1,13.957402,11.578732,2.8358150911630205e-44,1.9557345456296692e-42
19,si:rp71-19m20.1,13.671527,6.578388,1.5020994893974655e-42,1.0013996595983104e-40
19,basp1,13.618346,5.0702977,3.1154368971598056e-42,2.009959288490197e-40
19,map4l,13.533834,3.6023529,9.873566589017687e-42,6.170979118136054e-40
19,CRACD,13.314021,5.2980204,1.9187179439344912e-40,1.1628593599602977e-38
19,wnk4b,13.281939,6.7515416,2.9466466170143105e-40,1.7333215394201825e-38
19,tlcd1,12.886908,10.923854,5.334021799654964e-38,3.0480124569456934e-36
19,hepacama,12.613412,8.098481,1.781126701571348e-36,9.895148342063045e-35
19,slc38a3a,12.470748,4.5845466,1.0780896224462168e-35,5.827511472682253e-34
19,qkia,12.387431,3.841751,3.056772521619608e-35,1.6088276429576885e-33
19,myrf,12.309597,6.6345267,8.042390058072981e-35,4.12430259388358e-33
19,elovl1b,12.266339,5.9707456,1.3732280922164384e-34,6.866140461082192e-33
19,aatkb,12.180239,7.010408,3.961224555973947e-34,1.9323046614507057e-32
19,slc6a9,12.130593,3.9962397,7.272065283330461e-34,3.4628882301573623e-32
19,ninj2,12.103338,9.618012,1.0140223038130034e-33,4.7163828084325743e-32
19,sox10,11.940279,6.493406,7.297783147507737e-33,3.3171741579580625e-31
19,sc:d189,11.882542,8.587511,1.4586413130633545e-32,6.482850280281576e-31
19,flrt2,11.8635235,6.3183837,1.8310427935036916e-32,7.961055623929094e-31
19,stmn1b,11.848725,3.2977312,2.184889437388768e-32,9.297401861228799e-31
19,mbpb,11.781179,6.777857,4.8805066126743874e-32,2.0335444219476613e-30
19,ptprea,11.5842085,4.573249,4.955222272605098e-31,2.0225397031041214e-29
19,apoeb,11.343546,3.4873981,7.984226729477758e-30,3.193690691791103e-28
